date,BEN,CH4,CO,EBE,NMHC,NO,NO_2,NOx,O_3,PM10,PM25,SO_2,TCH,TOL,station
2018-03-01 01:00:00,,,0.30000001192092896,,,1.0,29.0,31.0,,,,2.0,,,28079004
2018-03-01 01:00:00,0.5,1.3899999856948853,0.30000001192092896,0.20000000298023224,0.019999999552965164,6.0,40.0,49.0,52.0,5.0,4.0,3.0,1.409999966621399,0.800000011920929,28079008
2018-03-01 01:00:00,0.4000000059604645,,,0.20000000298023224,,4.0,41.0,47.0,,,,,,1.100000023841858,28079011
2018-03-01 01:00:00,,,0.30000001192092896,,,1.0,35.0,37.0,54.0,,,,,,28079016
2018-03-01 01:00:00,,,,,,1.0,27.0,29.0,49.0,,,3.0,,,28079017
2018-03-01 01:00:00,0.30000001192092896,,0.30000001192092896,0.20000000298023224,,1.0,27.0,29.0,57.0,8.0,,6.0,,1.0,28079018
2018-03-01 01:00:00,0.4000000059604645,1.1100000143051147,0.20000000298023224,0.10000000149011612,0.05999999865889549,1.0,25.0,27.0,55.0,5.0,4.0,4.0,1.159999966621399,1.399999976158142,28079024
2018-03-01 01:00:00,,,,,,1.0,37.0,39.0,54.0,,,,,,28079027
2018-03-01 01:00:00,,,0.5,,,3.0,43.0,47.0,29.0,,,5.0,,,28079035
2018-03-01 01:00:00,,,0.20000000298023224,,,2.0,26.0,29.0,,4.0,,6.0,,,28079036
2018-03-01 01:00:00,0.4000000059604645,,,0.30000001192092896,,2.0,30.0,34.0,,2.0,2.0,3.0,,0.8999999761581421,28079038
2018-03-01 01:00:00,,,0.30000001192092896,,,1.0,28.0,29.0,59.0,,,,,,28079039
2018-03-01 01:00:00,,,,,,1.0,31.0,33.0,,4.0,,5.0,,,28079040
2018-03-01 01:00:00,,,,,,1.0,30.0,32.0,,2.0,2.0,,,,28079047
2018-03-01 01:00:00,,,,,,1.0,40.0,41.0,,8.0,7.0,,,,28079048
2018-03-01 01:00:00,,,,,,1.0,26.0,27.0,26.0,,,,,,28079049
2018-03-01 01:00:00,,,,,,11.0,41.0,58.0,,6.0,5.0,,,,28079050
2018-03-01 01:00:00,,,,,,1.0,15.0,17.0,66.0,,,,,,28079054
2018-03-01 01:00:00,0.30000001192092896,1.3700000047683716,,0.30000001192092896,0.029999999329447746,1.0,49.0,51.0,,5.0,,,1.409999966621399,1.100000023841858,28079055
2018-03-01 01:00:00,,,0.20000000298023224,,,9.0,57.0,71.0,37.0,12.0,9.0,,,,28079056
2018-03-01 01:00:00,,,0.30000001192092896,,,1.0,29.0,31.0,,3.0,,11.0,,,28079057
2018-03-01 01:00:00,,,,,,1.0,23.0,25.0,41.0,,,,,,28079058
2018-03-01 01:00:00,,,,,,1.0,29.0,31.0,54.0,,,,,,28079059
2018-03-01 01:00:00,,,,,,1.0,23.0,25.0,67.0,1.0,,,,,28079060
2018-03-01 02:00:00,,,0.30000001192092896,,,1.0,24.0,25.0,,,,2.0,,,28079004
2018-03-01 02:00:00,0.4000000059604645,1.4199999570846558,0.20000000298023224,0.10000000149011612,0.009999999776482582,4.0,26.0,32.0,64.0,4.0,4.0,3.0,1.440000057220459,0.699999988079071,28079008
2018-03-01 02:00:00,0.20000000298023224,,,0.10000000149011612,,3.0,24.0,29.0,,,,,,0.5,28079011
2018-03-01 02:00:00,,,0.20000000298023224,,,1.0,17.0,19.0,67.0,,,,,,28079016
2018-03-01 02:00:00,,,,,,1.0,15.0,16.0,57.0,,,3.0,,,28079017
2018-03-01 02:00:00,0.20000000298023224,,0.20000000298023224,0.10000000149011612,,4.0,21.0,26.0,62.0,6.0,,6.0,,0.800000011920929,28079018
2018-03-01 02:00:00,0.30000001192092896,1.100000023841858,0.20000000298023224,0.10000000149011612,0.05000000074505806,1.0,12.0,13.0,69.0,5.0,4.0,4.0,1.1399999856948853,0.800000011920929,28079024
2018-03-01 02:00:00,,,,,,1.0,30.0,32.0,54.0,,,,,,28079027
2018-03-01 02:00:00,,,0.5,,,3.0,35.0,39.0,30.0,,,5.0,,,28079035
2018-03-01 02:00:00,,,0.20000000298023224,,,1.0,12.0,13.0,,4.0,,6.0,,,28079036
2018-03-01 02:00:00,0.4000000059604645,,,0.30000001192092896,,1.0,24.0,26.0,,4.0,3.0,3.0,,1.0,28079038
2018-03-01 02:00:00,,,0.20000000298023224,,,1.0,22.0,23.0,65.0,,,,,,28079039
2018-03-01 02:00:00,,,,,,1.0,12.0,14.0,,3.0,,5.0,,,28079040
2018-03-01 02:00:00,,,,,,1.0,22.0,23.0,,4.0,3.0,,,,28079047
2018-03-01 02:00:00,,,,,,1.0,26.0,28.0,,4.0,3.0,,,,28079048
2018-03-01 02:00:00,,,,,,1.0,16.0,18.0,34.0,,,,,,28079049
2018-03-01 02:00:00,,,,,,8.0,26.0,38.0,,7.0,7.0,,,,28079050
2018-03-01 02:00:00,,,,,,1.0,11.0,12.0,64.0,,,,,,28079054
2018-03-01 02:00:00,0.30000001192092896,1.440000057220459,,0.30000001192092896,0.029999999329447746,1.0,26.0,28.0,,7.0,,,1.4700000286102295,1.100000023841858,28079055
2018-03-01 02:00:00,,,0.20000000298023224,,,5.0,29.0,37.0,57.0,8.0,6.0,,,,28079056
2018-03-01 02:00:00,,,0.30000001192092896,,,1.0,20.0,22.0,,3.0,,10.0,,,28079057
2018-03-01 02:00:00,,,,,,1.0,20.0,22.0,47.0,,,,,,28079058
2018-03-01 02:00:00,,,,,,1.0,13.0,15.0,69.0,,,,,,28079059
2018-03-01 02:00:00,,,,,,1.0,21.0,22.0,69.0,4.0,,,,,28079060
2018-03-01 03:00:00,,,0.30000001192092896,,,1.0,19.0,21.0,,,,1.0,,,28079004
2018-03-01 03:00:00,0.30000001192092896,1.409999966621399,0.20000000298023224,0.10000000149011612,0.009999999776482582,3.0,16.0,20.0,68.0,3.0,2.0,3.0,1.4199999570846558,0.4000000059604645,28079008
2018-03-01 03:00:00,0.20000000298023224,,,0.10000000149011612,,1.0,11.0,12.0,,,,,,0.30000001192092896,28079011
2018-03-01 03:00:00,,,0.20000000298023224,,,1.0,9.0,10.0,72.0,,,,,,28079016
2018-03-01 03:00:00,,,,,,1.0,12.0,13.0,55.0,,,3.0,,,28079017
2018-03-01 03:00:00,0.20000000298023224,,0.20000000298023224,0.10000000149011612,,1.0,12.0,14.0,65.0,9.0,,5.0,,0.5,28079018
2018-03-01 03:00:00,0.30000001192092896,1.1100000143051147,0.10000000149011612,0.10000000149011612,0.05000000074505806,1.0,12.0,13.0,65.0,6.0,5.0,4.0,1.159999966621399,1.0,28079024
2018-03-01 03:00:00,,,,,,1.0,14.0,15.0,64.0,,,,,,28079027
2018-03-01 03:00:00,,,0.4000000059604645,,,3.0,27.0,31.0,33.0,,,6.0,,,28079035
2018-03-01 03:00:00,,,0.20000000298023224,,,1.0,6.0,7.0,,4.0,,6.0,,,28079036
2018-03-01 03:00:00,0.30000001192092896,,,0.30000001192092896,,1.0,15.0,16.0,,6.0,5.0,3.0,,0.800000011920929,28079038
2018-03-01 03:00:00,,,0.20000000298023224,,,1.0,11.0,13.0,74.0,,,,,,28079039
2018-03-01 03:00:00,,,,,,1.0,9.0,10.0,,4.0,,5.0,,,28079040
2018-03-01 03:00:00,,,,,,1.0,15.0,17.0,,5.0,4.0,,,,28079047
2018-03-01 03:00:00,,,,,,1.0,14.0,16.0,,1.0,1.0,,,,28079048
2018-03-01 03:00:00,,,,,,1.0,13.0,15.0,41.0,,,,,,28079049
2018-03-01 03:00:00,,,,,,6.0,12.0,22.0,,5.0,3.0,,,,28079050
2018-03-01 03:00:00,,,,,,1.0,9.0,11.0,62.0,,,,,,28079054
2018-03-01 03:00:00,0.30000001192092896,1.2100000381469727,,0.20000000298023224,0.03999999910593033,1.0,11.0,12.0,,4.0,,,1.2400000095367432,0.699999988079071,28079055
2018-03-01 03:00:00,,,0.20000000298023224,,,3.0,15.0,19.0,66.0,7.0,5.0,,,,28079056
2018-03-01 03:00:00,,,0.20000000298023224,,,1.0,7.0,8.0,,2.0,,10.0,,,28079057
2018-03-01 03:00:00,,,,,,1.0,13.0,14.0,61.0,,,,,,28079058
2018-03-01 03:00:00,,,,,,1.0,7.0,8.0,68.0,,,,,,28079059
2018-03-01 03:00:00,,,,,,1.0,13.0,14.0,74.0,1.0,,,,,28079060
2018-03-01 04:00:00,,,0.30000001192092896,,,1.0,14.0,15.0,,,,1.0,,,28079004
2018-03-01 04:00:00,0.30000001192092896,1.399999976158142,0.20000000298023224,0.10000000149011612,0.009999999776482582,3.0,13.0,17.0,71.0,7.0,6.0,3.0,1.409999966621399,0.30000001192092896,28079008
2018-03-01 04:00:00,0.20000000298023224,,,0.10000000149011612,,1.0,9.0,11.0,,,,,,0.20000000298023224,28079011
2018-03-01 04:00:00,,,0.20000000298023224,,,1.0,7.0,9.0,72.0,,,,,,28079016
2018-03-01 04:00:00,,,,,,1.0,11.0,12.0,54.0,,,3.0,,,28079017
2018-03-01 04:00:00,0.20000000298023224,,0.20000000298023224,0.4000000059604645,,1.0,11.0,12.0,62.0,2.0,,5.0,,0.6000000238418579,28079018
2018-03-01 04:00:00,0.4000000059604645,1.159999966621399,0.10000000149011612,0.20000000298023224,0.05000000074505806,1.0,8.0,10.0,64.0,4.0,3.0,4.0,1.2100000381469727,1.100000023841858,28079024
2018-03-01 04:00:00,,,,,,1.0,7.0,8.0,71.0,,,,,,28079027
2018-03-01 04:00:00,,,0.4000000059604645,,,3.0,26.0,32.0,32.0,,,5.0,,,28079035
2018-03-01 04:00:00,,,0.20000000298023224,,,1.0,7.0,8.0,,3.0,,6.0,,,28079036
2018-03-01 04:00:00,0.20000000298023224,,,0.20000000298023224,,1.0,11.0,13.0,,2.0,2.0,3.0,,0.4000000059604645,28079038
2018-03-01 04:00:00,,,0.20000000298023224,,,1.0,8.0,10.0,74.0,,,,,,28079039
2018-03-01 04:00:00,,,,,,1.0,10.0,11.0,,3.0,,5.0,,,28079040
2018-03-01 04:00:00,,,,,,1.0,11.0,12.0,,3.0,2.0,,,,28079047
2018-03-01 04:00:00,,,,,,4.0,13.0,19.0,,3.0,3.0,,,,28079048
2018-03-01 04:00:00,,,,,,3.0,45.0,49.0,47.0,,,,,,28079049
2018-03-01 04:00:00,,,,,,7.0,9.0,20.0,,4.0,3.0,,,,28079050
2018-03-01 04:00:00,,,,,,1.0,11.0,12.0,62.0,,,,,,28079054
2018-03-01 04:00:00,0.20000000298023224,1.2000000476837158,,0.10000000149011612,0.029999999329447746,1.0,7.0,8.0,,4.0,,,1.2300000190734863,0.4000000059604645,28079055
2018-03-01 04:00:00,,,0.20000000298023224,,,2.0,14.0,18.0,64.0,2.0,1.0,,,,28079056
2018-03-01 04:00:00,,,0.20000000298023224,,,1.0,5.0,7.0,,3.0,,10.0,,,28079057
2018-03-01 04:00:00,,,,,,1.0,8.0,10.0,64.0,,,,,,28079058
2018-03-01 04:00:00,,,,,,1.0,11.0,13.0,65.0,,,,,,28079059
2018-03-01 04:00:00,,,,,,1.0,10.0,11.0,75.0,4.0,,,,,28079060
2018-03-01 05:00:00,,,0.30000001192092896,,,1.0,18.0,19.0,,,,1.0,,,28079004
2018-03-01 05:00:00,0.30000001192092896,1.600000023841858,0.20000000298023224,0.10000000149011612,0.009999999776482582,3.0,16.0,20.0,65.0,9.0,9.0,3.0,1.6100000143051147,0.4000000059604645,28079008
2018-03-01 05:00:00,0.10000000149011612,,,0.10000000149011612,,1.0,11.0,13.0,,,,,,0.30000001192092896,28079011
2018-03-01 05:00:00,,,0.20000000298023224,,,1.0,9.0,11.0,70.0,,,,,,28079016
2018-03-01 05:00:00,,,,,,1.0,12.0,14.0,55.0,,,3.0,,,28079017
2018-03-01 05:00:00,0.20000000298023224,,0.20000000298023224,0.20000000298023224,,1.0,14.0,16.0,61.0,1.0,,5.0,,0.6000000238418579,28079018
2018-03-01 05:00:00,0.30000001192092896,1.090000033378601,0.10000000149011612,0.10000000149011612,0.05000000074505806,1.0,9.0,11.0,63.0,4.0,3.0,4.0,1.1399999856948853,1.0,28079024
2018-03-01 05:00:00,,,,,,1.0,10.0,11.0,68.0,,,,,,28079027
2018-03-01 05:00:00,,,0.4000000059604645,,,4.0,28.0,34.0,31.0,,,5.0,,,28079035
2018-03-01 05:00:00,,,0.20000000298023224,,,1.0,8.0,10.0,,2.0,,6.0,,,28079036
2018-03-01 05:00:00,0.20000000298023224,,,0.20000000298023224,,1.0,13.0,15.0,,3.0,2.0,3.0,,0.4000000059604645,28079038
2018-03-01 05:00:00,,,0.20000000298023224,,,1.0,10.0,12.0,71.0,,,,,,28079039
2018-03-01 05:00:00,,,,,,1.0,8.0,9.0,,3.0,,5.0,,,28079040
2018-03-01 05:00:00,,,,,,1.0,16.0,17.0,,3.0,3.0,,,,28079047
2018-03-01 05:00:00,,,,,,1.0,13.0,15.0,,1.0,1.0,,,,28079048
2018-03-01 05:00:00,,,,,,2.0,31.0,33.0,47.0,,,,,,28079049
2018-03-01 05:00:00,,,,,,12.0,13.0,31.0,,6.0,4.0,,,,28079050
2018-03-01 05:00:00,,,,,,1.0,11.0,12.0,63.0,,,,,,28079054
2018-03-01 05:00:00,0.20000000298023224,1.2000000476837158,,0.10000000149011612,0.029999999329447746,1.0,10.0,12.0,,1.0,,,1.2300000190734863,0.30000001192092896,28079055
2018-03-01 05:00:00,,,0.20000000298023224,,,2.0,18.0,21.0,62.0,2.0,1.0,,,,28079056
2018-03-01 05:00:00,,,0.20000000298023224,,,1.0,7.0,8.0,,1.0,,10.0,,,28079057
2018-03-01 05:00:00,,,,,,1.0,6.0,7.0,65.0,,,,,,28079058
2018-03-01 05:00:00,,,,,,1.0,10.0,11.0,66.0,,,,,,28079059
2018-03-01 05:00:00,,,,,,1.0,11.0,12.0,73.0,1.0,,,,,28079060
2018-03-01 06:00:00,,,0.30000001192092896,,,1.0,17.0,19.0,,,,1.0,,,28079004
2018-03-01 06:00:00,0.30000001192092896,1.590000033378601,0.20000000298023224,0.10000000149011612,0.009999999776482582,2.0,19.0,23.0,64.0,4.0,4.0,3.0,1.590000033378601,0.4000000059604645,28079008
2018-03-01 06:00:00,0.20000000298023224,,,0.10000000149011612,,1.0,15.0,18.0,,,,,,0.30000001192092896,28079011
2018-03-01 06:00:00,,,0.20000000298023224,,,1.0,14.0,15.0,65.0,,,,,,28079016
2018-03-01 06:00:00,,,,,,1.0,17.0,19.0,51.0,,,3.0,,,28079017
2018-03-01 06:00:00,0.20000000298023224,,0.20000000298023224,0.10000000149011612,,2.0,17.0,21.0,60.0,1.0,,5.0,,0.5,28079018
2018-03-01 06:00:00,0.30000001192092896,1.090000033378601,0.10000000149011612,0.10000000149011612,0.05000000074505806,1.0,9.0,11.0,66.0,3.0,2.0,4.0,1.1399999856948853,0.800000011920929,28079024
2018-03-01 06:00:00,,,,,,1.0,12.0,13.0,67.0,,,,,,28079027
2018-03-01 06:00:00,,,0.4000000059604645,,,3.0,31.0,36.0,28.0,,,6.0,,,28079035
2018-03-01 06:00:00,,,0.20000000298023224,,,1.0,12.0,14.0,,2.0,,6.0,,,28079036
2018-03-01 06:00:00,0.20000000298023224,,,0.20000000298023224,,1.0,20.0,22.0,,1.0,1.0,3.0,,0.5,28079038
2018-03-01 06:00:00,,,0.20000000298023224,,,1.0,15.0,17.0,68.0,,,,,,28079039
2018-03-01 06:00:00,,,,,,1.0,11.0,13.0,,4.0,,5.0,,,28079040
2018-03-01 06:00:00,,,,,,1.0,26.0,28.0,,1.0,1.0,,,,28079047
2018-03-01 06:00:00,,,,,,1.0,18.0,20.0,,2.0,2.0,,,,28079048
2018-03-01 06:00:00,,,,,,1.0,20.0,21.0,44.0,,,,,,28079049
2018-03-01 06:00:00,,,,,,13.0,16.0,36.0,,5.0,4.0,,,,28079050
2018-03-01 06:00:00,,,,,,1.0,13.0,15.0,61.0,,,,,,28079054
2018-03-01 06:00:00,0.20000000298023224,1.2000000476837158,,0.10000000149011612,0.03999999910593033,1.0,13.0,14.0,,1.0,,,1.2400000095367432,0.30000001192092896,28079055
2018-03-01 06:00:00,,,0.20000000298023224,,,5.0,27.0,35.0,55.0,4.0,2.0,,,,28079056
2018-03-01 06:00:00,,,0.20000000298023224,,,1.0,9.0,10.0,,1.0,,10.0,,,28079057
2018-03-01 06:00:00,,,,,,1.0,10.0,11.0,61.0,,,,,,28079058
2018-03-01 06:00:00,,,,,,1.0,13.0,14.0,61.0,,,,,,28079059
2018-03-01 06:00:00,,,,,,1.0,13.0,15.0,71.0,1.0,,,,,28079060
2018-03-01 07:00:00,,,0.30000001192092896,,,1.0,25.0,26.0,,,,1.0,,,28079004
2018-03-01 07:00:00,0.30000001192092896,1.7200000286102295,0.20000000298023224,0.10000000149011612,0.009999999776482582,6.0,32.0,42.0,55.0,2.0,2.0,3.0,1.7300000190734863,0.5,28079008
2018-03-01 07:00:00,0.20000000298023224,,,0.10000000149011612,,8.0,27.0,40.0,,,,,,0.30000001192092896,28079011
2018-03-01 07:00:00,,,0.20000000298023224,,,3.0,28.0,32.0,54.0,,,,,,28079016
2018-03-01 07:00:00,,,,,,2.0,31.0,35.0,40.0,,,3.0,,,28079017
2018-03-01 07:00:00,0.20000000298023224,,0.30000001192092896,0.10000000149011612,,4.0,38.0,44.0,42.0,2.0,,5.0,,0.5,28079018
2018-03-01 07:00:00,0.30000001192092896,1.090000033378601,0.10000000149011612,0.10000000149011612,0.03999999910593033,1.0,16.0,18.0,61.0,2.0,1.0,3.0,1.1299999952316284,0.6000000238418579,28079024
2018-03-01 07:00:00,,,,,,1.0,17.0,19.0,60.0,,,,,,28079027
2018-03-01 07:00:00,,,0.4000000059604645,,,2.0,33.0,37.0,29.0,,,7.0,,,28079035
2018-03-01 07:00:00,,,0.20000000298023224,,,3.0,21.0,25.0,,5.0,,6.0,,,28079036
2018-03-01 07:00:00,0.20000000298023224,,,0.20000000298023224,,1.0,27.0,29.0,,1.0,1.0,3.0,,0.5,28079038
2018-03-01 07:00:00,,,0.20000000298023224,,,1.0,27.0,29.0,58.0,,,,,,28079039
2018-03-01 07:00:00,,,,,,2.0,17.0,20.0,,4.0,,5.0,,,28079040
2018-03-01 07:00:00,,,,,,1.0,37.0,39.0,,3.0,3.0,,,,28079047
2018-03-01 07:00:00,,,,,,2.0,32.0,35.0,,1.0,1.0,,,,28079048
2018-03-01 07:00:00,,,,,,1.0,24.0,25.0,40.0,,,,,,28079049
2018-03-01 07:00:00,,,,,,11.0,24.0,41.0,,1.0,1.0,,,,28079050
2018-03-01 07:00:00,,,,,,1.0,18.0,20.0,56.0,,,,,,28079054
2018-03-01 07:00:00,0.20000000298023224,1.2000000476837158,,0.10000000149011612,0.05000000074505806,1.0,26.0,28.0,,2.0,,,1.25,0.30000001192092896,28079055
2018-03-01 07:00:00,,,0.20000000298023224,,,16.0,48.0,73.0,42.0,6.0,4.0,,,,28079056
2018-03-01 07:00:00,,,0.30000001192092896,,,1.0,17.0,19.0,,3.0,,10.0,,,28079057
2018-03-01 07:00:00,,,,,,1.0,21.0,23.0,52.0,,,,,,28079058
2018-03-01 07:00:00,,,,,,1.0,20.0,22.0,55.0,,,,,,28079059
2018-03-01 07:00:00,,,,,,1.0,21.0,22.0,63.0,5.0,,,,,28079060
2018-03-01 08:00:00,,,0.30000001192092896,,,5.0,47.0,54.0,,,,2.0,,,28079004
2018-03-01 08:00:00,0.4000000059604645,1.3899999856948853,0.20000000298023224,0.10000000149011612,0.019999999552965164,16.0,51.0,76.0,42.0,4.0,1.0,3.0,1.409999966621399,0.699999988079071,28079008
2018-03-01 08:00:00,0.5,,,0.10000000149011612,,28.0,62.0,106.0,,,,,,0.5,28079011
2018-03-01 08:00:00,,,0.30000001192092896,,,10.0,45.0,59.0,40.0,,,,,,28079016
2018-03-01 08:00:00,,,,,,3.0,36.0,40.0,37.0,,,3.0,,,28079017
2018-03-01 08:00:00,0.30000001192092896,,0.30000001192092896,0.10000000149011612,,5.0,36.0,43.0,44.0,6.0,,5.0,,0.5,28079018
2018-03-01 08:00:00,0.30000001192092896,1.090000033378601,0.20000000298023224,0.10000000149011612,0.03999999910593033,1.0,26.0,27.0,51.0,3.0,3.0,4.0,1.1299999952316284,0.5,28079024
2018-03-01 08:00:00,,,,,,1.0,34.0,36.0,46.0,,,,,,28079027
2018-03-01 08:00:00,,,0.5,,,5.0,49.0,57.0,20.0,,,6.0,,,28079035
2018-03-01 08:00:00,,,0.20000000298023224,,,5.0,36.0,45.0,,4.0,,6.0,,,28079036
2018-03-01 08:00:00,0.30000001192092896,,,0.20000000298023224,,7.0,50.0,61.0,,2.0,2.0,3.0,,0.699999988079071,28079038
2018-03-01 08:00:00,,,0.30000001192092896,,,5.0,51.0,59.0,39.0,,,,,,28079039
2018-03-01 08:00:00,,,,,,4.0,27.0,33.0,,3.0,,4.0,,,28079040
2018-03-01 08:00:00,,,,,,2.0,39.0,42.0,,5.0,4.0,,,,28079047
2018-03-01 08:00:00,,,,,,6.0,52.0,61.0,,3.0,3.0,,,,28079048
2018-03-01 08:00:00,,,,,,1.0,34.0,36.0,32.0,,,,,,28079049
2018-03-01 08:00:00,,,,,,20.0,53.0,84.0,,1.0,1.0,,,,28079050
2018-03-01 08:00:00,,,,,,1.0,29.0,31.0,46.0,,,,,,28079054
2018-03-01 08:00:00,0.30000001192092896,1.3899999856948853,,0.10000000149011612,0.03999999910593033,7.0,50.0,60.0,,5.0,,,1.4299999475479126,0.5,28079055
2018-03-01 08:00:00,,,0.30000001192092896,,,36.0,70.0,124.0,28.0,7.0,5.0,,,,28079056
2018-03-01 08:00:00,,,0.30000001192092896,,,2.0,35.0,38.0,,3.0,,10.0,,,28079057
2018-03-01 08:00:00,,,,,,3.0,34.0,39.0,43.0,,,,,,28079058
2018-03-01 08:00:00,,,,,,1.0,29.0,31.0,47.0,,,,,,28079059
2018-03-01 08:00:00,,,,,,2.0,37.0,41.0,48.0,5.0,,,,,28079060
2018-03-01 09:00:00,,,0.4000000059604645,,,13.0,63.0,83.0,,,,2.0,,,28079004
2018-03-01 09:00:00,0.6000000238418579,1.5,0.30000001192092896,0.20000000298023224,0.029999999329447746,28.0,62.0,105.0,35.0,2.0,1.0,3.0,1.5299999713897705,0.8999999761581421,28079008
2018-03-01 09:00:00,0.699999988079071,,,0.10000000149011612,,59.0,82.0,172.0,,,,,,0.8999999761581421,28079011
2018-03-01 09:00:00,,,0.30000001192092896,,,15.0,57.0,80.0,29.0,,,,,,28079016
2018-03-01 09:00:00,,,,,,4.0,41.0,47.0,32.0,,,3.0,,,28079017
2018-03-01 09:00:00,0.30000001192092896,,0.30000001192092896,0.10000000149011612,,10.0,50.0,65.0,33.0,7.0,,5.0,,0.6000000238418579,28079018
2018-03-01 09:00:00,0.4000000059604645,1.090000033378601,0.20000000298023224,0.10000000149011612,0.05999999865889549,2.0,41.0,44.0,38.0,4.0,2.0,4.0,1.149999976158142,0.800000011920929,28079024
2018-03-01 09:00:00,,,,,,3.0,42.0,46.0,40.0,,,,,,28079027
2018-03-01 09:00:00,,,0.5,,,8.0,59.0,71.0,16.0,,,5.0,,,28079035
2018-03-01 09:00:00,,,0.30000001192092896,,,16.0,54.0,78.0,,6.0,,6.0,,,28079036
2018-03-01 09:00:00,0.5,,,0.30000001192092896,,16.0,66.0,90.0,,5.0,4.0,3.0,,1.0,28079038
2018-03-01 09:00:00,,,0.4000000059604645,,,12.0,64.0,82.0,30.0,,,,,,28079039
2018-03-01 09:00:00,,,,,,6.0,33.0,43.0,,6.0,,4.0,,,28079040
2018-03-01 09:00:00,,,,,,2.0,37.0,41.0,,2.0,1.0,,,,28079047
2018-03-01 09:00:00,,,,,,12.0,65.0,84.0,,4.0,3.0,,,,28079048
2018-03-01 09:00:00,,,,,,2.0,39.0,42.0,29.0,,,,,,28079049
2018-03-01 09:00:00,,,,,,18.0,60.0,88.0,,1.0,1.0,,,,28079050
2018-03-01 09:00:00,,,,,,3.0,34.0,39.0,42.0,,,,,,28079054
2018-03-01 09:00:00,0.5,1.2100000381469727,,0.20000000298023224,0.05000000074505806,15.0,55.0,78.0,,6.0,,,1.2599999904632568,1.0,28079055
2018-03-01 09:00:00,,,0.30000001192092896,,,42.0,72.0,136.0,26.0,7.0,3.0,,,,28079056
2018-03-01 09:00:00,,,0.30000001192092896,,,3.0,44.0,49.0,,1.0,,10.0,,,28079057
2018-03-01 09:00:00,,,,,,3.0,40.0,44.0,38.0,,,,,,28079058
2018-03-01 09:00:00,,,,,,,,,38.0,,,,,,28079059
2018-03-01 09:00:00,,,,,,5.0,54.0,62.0,37.0,1.0,,,,,28079060
2018-03-01 10:00:00,,,0.4000000059604645,,,18.0,61.0,89.0,,,,2.0,,,28079004
2018-03-01 10:00:00,0.699999988079071,1.409999966621399,0.30000001192092896,0.20000000298023224,0.03999999910593033,29.0,67.0,111.0,33.0,4.0,3.0,3.0,1.440000057220459,1.2000000476837158,28079008
2018-03-01 10:00:00,0.8999999761581421,,,0.20000000298023224,,54.0,78.0,160.0,,,,,,1.2000000476837158,28079011
2018-03-01 10:00:00,,,0.30000001192092896,,,14.0,54.0,76.0,29.0,,,,,,28079016
2018-03-01 10:00:00,,,,,,4.0,40.0,46.0,29.0,,,3.0,,,28079017
2018-03-01 10:00:00,0.4000000059604645,,0.30000001192092896,0.5,,9.0,47.0,61.0,32.0,9.0,,6.0,,1.0,28079018
2018-03-01 10:00:00,0.4000000059604645,1.2100000381469727,0.20000000298023224,0.4000000059604645,0.05999999865889549,5.0,47.0,54.0,29.0,5.0,3.0,4.0,1.2699999809265137,1.5,28079024
2018-03-01 10:00:00,,,,,,5.0,47.0,55.0,33.0,,,,,,28079027
2018-03-01 10:00:00,,,0.5,,,11.0,53.0,70.0,18.0,,,4.0,,,28079035
2018-03-01 10:00:00,,,0.30000001192092896,,,16.0,50.0,74.0,,9.0,,7.0,,,28079036
2018-03-01 10:00:00,0.5,,,0.30000001192092896,,10.0,49.0,64.0,,7.0,6.0,3.0,,1.100000023841858,28079038
2018-03-01 10:00:00,,,0.30000001192092896,,,8.0,52.0,64.0,36.0,,,,,,28079039
2018-03-01 10:00:00,,,,,,14.0,37.0,58.0,,8.0,,4.0,,,28079040
2018-03-01 10:00:00,,,,,,3.0,33.0,38.0,,3.0,2.0,,,,28079047
2018-03-01 10:00:00,,,,,,20.0,67.0,98.0,,7.0,6.0,,,,28079048
2018-03-01 10:00:00,,,,,,4.0,42.0,48.0,25.0,,,,,,28079049
2018-03-01 10:00:00,,,,,,12.0,47.0,66.0,,3.0,2.0,,,,28079050
2018-03-01 10:00:00,,,,,,4.0,31.0,36.0,41.0,,,,,,28079054
2018-03-01 10:00:00,0.5,1.2000000476837158,,0.20000000298023224,0.05000000074505806,13.0,55.0,76.0,,8.0,,,1.25,1.0,28079055
2018-03-01 10:00:00,,,0.30000001192092896,,,41.0,68.0,131.0,24.0,7.0,4.0,,,,28079056
2018-03-01 10:00:00,,,0.30000001192092896,,,3.0,38.0,44.0,,6.0,,10.0,,,28079057
2018-03-01 10:00:00,,,,,,6.0,48.0,57.0,33.0,,,,,,28079058
2018-03-01 10:00:00,,,,,,4.0,34.0,39.0,38.0,,,,,,28079059
2018-03-01 10:00:00,,,,,,5.0,51.0,58.0,37.0,11.0,,,,,28079060
2018-03-01 11:00:00,,,0.4000000059604645,,,18.0,60.0,87.0,,,,2.0,,,28079004
2018-03-01 11:00:00,0.6000000238418579,1.3799999952316284,0.30000001192092896,0.20000000298023224,0.029999999329447746,24.0,54.0,90.0,39.0,2.0,2.0,3.0,1.399999976158142,1.399999976158142,28079008
2018-03-01 11:00:00,0.6000000238418579,,,0.10000000149011612,,37.0,65.0,123.0,,,,,,0.8999999761581421,28079011
2018-03-01 11:00:00,,,0.30000001192092896,,,10.0,43.0,58.0,39.0,,,,,,28079016
2018-03-01 11:00:00,,,,,,3.0,28.0,33.0,,,,3.0,,,28079017
2018-03-01 11:00:00,0.30000001192092896,,0.30000001192092896,0.6000000238418579,,6.0,35.0,45.0,41.0,11.0,,5.0,,0.5,28079018
2018-03-01 11:00:00,0.4000000059604645,1.3300000429153442,0.20000000298023224,0.4000000059604645,0.03999999910593033,3.0,34.0,38.0,40.0,7.0,4.0,4.0,1.3799999952316284,1.2999999523162842,28079024
2018-03-01 11:00:00,,,,,,4.0,34.0,40.0,44.0,,,,,,28079027
2018-03-01 11:00:00,,,0.5,,,10.0,49.0,65.0,20.0,,,4.0,,,28079035
2018-03-01 11:00:00,,,0.30000001192092896,,,9.0,35.0,48.0,,13.0,,7.0,,,28079036
2018-03-01 11:00:00,0.4000000059604645,,,0.30000001192092896,,8.0,46.0,59.0,,9.0,8.0,3.0,,0.8999999761581421,28079038
2018-03-01 11:00:00,,,,,,,,,,,,,,,28079039
2018-03-01 11:00:00,,,,,,9.0,31.0,45.0,,11.0,,4.0,,,28079040
2018-03-01 11:00:00,,,,,,2.0,26.0,30.0,,7.0,5.0,,,,28079047
2018-03-01 11:00:00,,,,,,15.0,60.0,82.0,,9.0,7.0,,,,28079048
2018-03-01 11:00:00,,,,,,4.0,36.0,41.0,29.0,,,,,,28079049
2018-03-01 11:00:00,,,,,,12.0,41.0,60.0,,2.0,1.0,,,,28079050
2018-03-01 11:00:00,,,,,,1.0,23.0,24.0,48.0,,,,,,28079054
2018-03-01 11:00:00,0.5,1.2000000476837158,,0.20000000298023224,0.05000000074505806,6.0,41.0,50.0,,9.0,,,1.25,1.100000023841858,28079055
2018-03-01 11:00:00,,,0.20000000298023224,,,24.0,51.0,88.0,35.0,11.0,7.0,,,,28079056
2018-03-01 11:00:00,,,0.30000001192092896,,,2.0,25.0,29.0,,5.0,,9.0,,,28079057
2018-03-01 11:00:00,,,,,,5.0,32.0,40.0,44.0,,,,,,28079058
2018-03-01 11:00:00,,,,,,4.0,29.0,34.0,44.0,,,,,,28079059
2018-03-01 11:00:00,,,,,,3.0,38.0,43.0,47.0,9.0,,,,,28079060
2018-03-01 12:00:00,,,0.4000000059604645,,,12.0,54.0,72.0,,,,1.0,,,28079004
2018-03-01 12:00:00,0.5,1.440000057220459,0.30000001192092896,0.20000000298023224,0.019999999552965164,19.0,43.0,72.0,51.0,13.0,11.0,3.0,1.4600000381469727,0.8999999761581421,28079008
2018-03-01 12:00:00,0.4000000059604645,,,0.10000000149011612,,22.0,49.0,83.0,,,,,,0.8999999761581421,28079011
2018-03-01 12:00:00,,,0.30000001192092896,,,27.0,42.0,83.0,46.0,,,,,,28079016
2018-03-01 12:00:00,,,,,,4.0,27.0,34.0,25.0,,,3.0,,,28079017
2018-03-01 12:00:00,0.30000001192092896,,0.30000001192092896,0.30000001192092896,,8.0,33.0,45.0,47.0,7.0,,5.0,,0.800000011920929,28079018
2018-03-01 12:00:00,0.30000001192092896,1.090000033378601,0.20000000298023224,0.5,0.05000000074505806,3.0,27.0,32.0,51.0,4.0,2.0,4.0,1.1399999856948853,1.5,28079024
2018-03-01 12:00:00,,,,,,3.0,19.0,23.0,60.0,,,,,,28079027
2018-03-01 12:00:00,,,0.5,,,6.0,46.0,55.0,24.0,,,5.0,,,28079035
2018-03-01 12:00:00,,,0.30000001192092896,,,8.0,30.0,43.0,,9.0,,6.0,,,28079036
2018-03-01 12:00:00,0.4000000059604645,,,0.30000001192092896,,10.0,45.0,60.0,,5.0,3.0,3.0,,0.8999999761581421,28079038
2018-03-01 12:00:00,,,,,,,,,,,,,,,28079039
2018-03-01 12:00:00,,,,,,8.0,24.0,36.0,,9.0,,4.0,,,28079040
2018-03-01 12:00:00,,,,,,3.0,21.0,25.0,,5.0,4.0,,,,28079047
2018-03-01 12:00:00,,,,,,10.0,45.0,60.0,,9.0,7.0,,,,28079048
2018-03-01 12:00:00,,,,,,3.0,23.0,27.0,37.0,,,,,,28079049
2018-03-01 12:00:00,,,,,,21.0,48.0,80.0,,1.0,1.0,,,,28079050
2018-03-01 12:00:00,,,,,,1.0,20.0,22.0,53.0,,,,,,28079054
2018-03-01 12:00:00,0.30000001192092896,1.2000000476837158,,0.20000000298023224,0.05000000074505806,5.0,24.0,32.0,,8.0,,,1.25,0.800000011920929,28079055
2018-03-01 12:00:00,,,0.20000000298023224,,,,,,,10.0,7.0,,,,28079056
2018-03-01 12:00:00,,,0.30000001192092896,,,3.0,19.0,23.0,,7.0,,9.0,,,28079057
2018-03-01 12:00:00,,,,,,6.0,24.0,33.0,55.0,,,,,,28079058
2018-03-01 12:00:00,,,,,,3.0,19.0,25.0,57.0,,,,,,28079059
2018-03-01 12:00:00,,,,,,4.0,33.0,39.0,55.0,17.0,,,,,28079060
2018-03-01 13:00:00,,,0.4000000059604645,,,10.0,56.0,72.0,,,,2.0,,,28079004
2018-03-01 13:00:00,0.5,1.4299999475479126,0.30000001192092896,0.20000000298023224,0.029999999329447746,26.0,56.0,95.0,43.0,5.0,4.0,3.0,1.4600000381469727,0.8999999761581421,28079008
2018-03-01 13:00:00,0.30000001192092896,,,0.10000000149011612,,34.0,67.0,119.0,,,,,,1.0,28079011
2018-03-01 13:00:00,,,0.30000001192092896,,,15.0,48.0,71.0,42.0,,,,,,28079016
2018-03-01 13:00:00,,,,,,7.0,34.0,45.0,25.0,,,4.0,,,28079017
2018-03-01 13:00:00,0.20000000298023224,,0.30000001192092896,0.20000000298023224,,8.0,35.0,47.0,48.0,9.0,,5.0,,1.399999976158142,28079018
2018-03-01 13:00:00,0.4000000059604645,1.090000033378601,0.20000000298023224,0.20000000298023224,0.05000000074505806,3.0,22.0,26.0,57.0,4.0,3.0,3.0,1.1399999856948853,1.899999976158142,28079024
2018-03-01 13:00:00,,,,,,4.0,26.0,32.0,59.0,,,,,,28079027
2018-03-01 13:00:00,,,0.6000000238418579,,,11.0,56.0,73.0,19.0,,,5.0,,,28079035
2018-03-01 13:00:00,,,0.30000001192092896,,,8.0,34.0,46.0,,8.0,,6.0,,,28079036
2018-03-01 13:00:00,0.4000000059604645,,,0.30000001192092896,,14.0,54.0,75.0,,5.0,3.0,3.0,,1.2000000476837158,28079038
2018-03-01 13:00:00,,,,,,,,,,,,,,,28079039
2018-03-01 13:00:00,,,,,,8.0,27.0,40.0,,9.0,,4.0,,,28079040
2018-03-01 13:00:00,,,,,,5.0,34.0,42.0,,4.0,3.0,,,,28079047
2018-03-01 13:00:00,,,,,,13.0,56.0,76.0,,7.0,6.0,,,,28079048
2018-03-01 13:00:00,,,,,,4.0,32.0,38.0,30.0,,,,,,28079049
2018-03-01 13:00:00,,,,,,26.0,59.0,99.0,,5.0,4.0,,,,28079050
2018-03-01 13:00:00,,,,,,1.0,25.0,26.0,53.0,,,,,,28079054
2018-03-01 13:00:00,0.30000001192092896,1.3600000143051147,,0.20000000298023224,0.029999999329447746,6.0,32.0,40.0,,6.0,,,1.399999976158142,0.800000011920929,28079055
2018-03-01 13:00:00,,,0.20000000298023224,,,31.0,59.0,108.0,40.0,11.0,8.0,,,,28079056
2018-03-01 13:00:00,,,0.30000001192092896,,,4.0,31.0,38.0,,6.0,,10.0,,,28079057
2018-03-01 13:00:00,,,,,,4.0,22.0,28.0,59.0,,,,,,28079058
2018-03-01 13:00:00,,,,,,4.0,21.0,27.0,59.0,,,,,,28079059
2018-03-01 13:00:00,,,,,,5.0,36.0,44.0,54.0,9.0,,,,,28079060
2018-03-01 14:00:00,,,0.4000000059604645,,,7.0,54.0,66.0,,,,2.0,,,28079004
2018-03-01 14:00:00,0.5,1.3600000143051147,0.30000001192092896,0.20000000298023224,0.019999999552965164,20.0,54.0,86.0,55.0,2.0,1.0,3.0,1.3799999952316284,1.0,28079008
2018-03-01 14:00:00,0.4000000059604645,,,0.10000000149011612,,36.0,75.0,131.0,,,,,,1.0,28079011
2018-03-01 14:00:00,,,0.30000001192092896,,,11.0,47.0,64.0,53.0,,,,,,28079016
2018-03-01 14:00:00,,,,,,9.0,46.0,59.0,28.0,,,4.0,,,28079017
2018-03-01 14:00:00,0.30000001192092896,,0.30000001192092896,0.20000000298023224,,7.0,36.0,48.0,62.0,10.0,,5.0,,2.0,28079018
2018-03-01 14:00:00,0.30000001192092896,1.090000033378601,0.20000000298023224,0.10000000149011612,0.03999999910593033,2.0,18.0,21.0,76.0,7.0,6.0,4.0,1.1299999952316284,1.399999976158142,28079024
2018-03-01 14:00:00,,,,,,3.0,27.0,32.0,69.0,,,,,,28079027
2018-03-01 14:00:00,,,0.6000000238418579,,,6.0,53.0,62.0,26.0,,,5.0,,,28079035
2018-03-01 14:00:00,,,0.20000000298023224,,,8.0,34.0,46.0,,7.0,,6.0,,,28079036
2018-03-01 14:00:00,0.5,,,0.4000000059604645,,11.0,53.0,70.0,,7.0,5.0,3.0,,1.7999999523162842,28079038
2018-03-01 14:00:00,,,0.4000000059604645,,,11.0,60.0,77.0,46.0,,,,,,28079039
2018-03-01 14:00:00,,,,,,7.0,33.0,44.0,,7.0,,5.0,,,28079040
2018-03-01 14:00:00,,,,,,3.0,31.0,35.0,,5.0,4.0,,,,28079047
2018-03-01 14:00:00,,,,,,12.0,61.0,80.0,,3.0,2.0,,,,28079048
2018-03-01 14:00:00,,,,,,2.0,28.0,32.0,41.0,,,,,,28079049
2018-03-01 14:00:00,,,,,,30.0,74.0,121.0,,6.0,5.0,,,,28079050
2018-03-01 14:00:00,,,,,,2.0,33.0,36.0,57.0,,,,,,28079054
2018-03-01 14:00:00,0.30000001192092896,1.25,,0.30000001192092896,0.05000000074505806,4.0,37.0,44.0,,5.0,,,1.2899999618530273,1.100000023841858,28079055
2018-03-01 14:00:00,,,0.30000001192092896,,,33.0,66.0,117.0,48.0,7.0,5.0,,,,28079056
2018-03-01 14:00:00,,,0.30000001192092896,,,5.0,39.0,46.0,,3.0,,10.0,,,28079057
2018-03-01 14:00:00,,,,,,4.0,21.0,27.0,71.0,,,,,,28079058
2018-03-01 14:00:00,,,,,,3.0,22.0,27.0,69.0,,,,,,28079059
2018-03-01 14:00:00,,,,,,5.0,41.0,48.0,61.0,2.0,,,,,28079060
2018-03-01 15:00:00,,,0.4000000059604645,,,6.0,55.0,64.0,,,,1.0,,,28079004
2018-03-01 15:00:00,0.699999988079071,1.3600000143051147,0.30000001192092896,0.5,0.03999999910593033,26.0,66.0,105.0,52.0,2.0,2.0,3.0,1.399999976158142,1.2999999523162842,28079008
2018-03-01 15:00:00,0.800000011920929,,,0.20000000298023224,,40.0,83.0,144.0,,,,,,1.600000023841858,28079011
2018-03-01 15:00:00,,,0.30000001192092896,,,13.0,56.0,76.0,50.0,,,,,,28079016
2018-03-01 15:00:00,,,,,,7.0,39.0,50.0,34.0,,,4.0,,,28079017
2018-03-01 15:00:00,0.30000001192092896,,0.30000001192092896,0.30000001192092896,,9.0,36.0,50.0,66.0,10.0,,6.0,,2.200000047683716,28079018
2018-03-01 15:00:00,0.30000001192092896,1.090000033378601,0.20000000298023224,0.20000000298023224,0.05000000074505806,3.0,19.0,23.0,83.0,2.0,1.0,4.0,1.1299999952316284,1.2000000476837158,28079024
2018-03-01 15:00:00,,,,,,10.0,52.0,67.0,54.0,,,,,,28079027
2018-03-01 15:00:00,,,0.6000000238418579,,,7.0,59.0,71.0,29.0,,,5.0,,,28079035
2018-03-01 15:00:00,,,0.20000000298023224,,,11.0,45.0,62.0,,4.0,,6.0,,,28079036
2018-03-01 15:00:00,0.4000000059604645,,,0.4000000059604645,,17.0,54.0,80.0,,7.0,5.0,3.0,,2.0,28079038
2018-03-01 15:00:00,,,0.4000000059604645,,,14.0,61.0,83.0,53.0,,,,,,28079039
2018-03-01 15:00:00,,,,,,11.0,44.0,60.0,,6.0,,5.0,,,28079040
2018-03-01 15:00:00,,,,,,5.0,35.0,42.0,,4.0,3.0,,,,28079047
2018-03-01 15:00:00,,,,,,21.0,73.0,106.0,,5.0,4.0,,,,28079048
2018-03-01 15:00:00,,,,,,4.0,38.0,45.0,40.0,,,,,,28079049
2018-03-01 15:00:00,,,,,,40.0,78.0,139.0,,7.0,6.0,,,,28079050
2018-03-01 15:00:00,,,,,,2.0,32.0,34.0,59.0,,,,,,28079054
2018-03-01 15:00:00,0.5,1.25,,0.4000000059604645,0.05000000074505806,15.0,66.0,88.0,,6.0,,,1.2999999523162842,1.7999999523162842,28079055
2018-03-01 15:00:00,,,0.30000001192092896,,,35.0,70.0,124.0,49.0,10.0,8.0,,,,28079056
2018-03-01 15:00:00,,,0.30000001192092896,,,7.0,45.0,56.0,,11.0,,11.0,,,28079057
2018-03-01 15:00:00,,,,,,4.0,25.0,31.0,76.0,,,,,,28079058
2018-03-01 15:00:00,,,,,,6.0,34.0,43.0,62.0,,,,,,28079059
2018-03-01 15:00:00,,,,,,6.0,42.0,51.0,70.0,18.0,,,,,28079060
2018-03-01 16:00:00,,,0.30000001192092896,,,3.0,44.0,48.0,,,,2.0,,,28079004
2018-03-01 16:00:00,0.6000000238418579,1.350000023841858,0.30000001192092896,0.30000001192092896,0.029999999329447746,19.0,49.0,78.0,66.0,5.0,5.0,3.0,1.3799999952316284,1.2000000476837158,28079008
2018-03-01 16:00:00,0.5,,,0.20000000298023224,,28.0,65.0,109.0,,,,,,1.100000023841858,28079011
2018-03-01 16:00:00,,,0.30000001192092896,,,8.0,42.0,54.0,67.0,,,,,,28079016
2018-03-01 16:00:00,,,,,,4.0,26.0,32.0,47.0,,,4.0,,,28079017
2018-03-01 16:00:00,0.30000001192092896,,0.20000000298023224,0.20000000298023224,,5.0,25.0,33.0,79.0,12.0,,7.0,,1.2000000476837158,28079018
2018-03-01 16:00:00,0.30000001192092896,1.090000033378601,0.20000000298023224,0.10000000149011612,0.03999999910593033,2.0,15.0,17.0,88.0,2.0,1.0,4.0,1.1299999952316284,1.0,28079024
2018-03-01 16:00:00,,,,,,5.0,31.0,38.0,75.0,,,,,,28079027
2018-03-01 16:00:00,,,0.5,,,4.0,53.0,59.0,40.0,,,6.0,,,28079035
2018-03-01 16:00:00,,,0.20000000298023224,,,7.0,30.0,41.0,,6.0,,7.0,,,28079036
2018-03-01 16:00:00,0.5,,,0.4000000059604645,,7.0,40.0,52.0,,7.0,6.0,4.0,,1.5,28079038
2018-03-01 16:00:00,,,0.4000000059604645,,,12.0,55.0,73.0,60.0,,,,,,28079039
2018-03-01 16:00:00,,,,,,5.0,27.0,35.0,,8.0,,4.0,,,28079040
2018-03-01 16:00:00,,,,,,3.0,23.0,28.0,,4.0,4.0,,,,28079047
2018-03-01 16:00:00,,,,,,9.0,52.0,66.0,,6.0,5.0,,,,28079048
2018-03-01 16:00:00,,,,,,3.0,22.0,26.0,44.0,,,,,,28079049
2018-03-01 16:00:00,,,,,,31.0,63.0,111.0,,8.0,7.0,,,,28079050
2018-03-01 16:00:00,,,,,,1.0,20.0,21.0,80.0,,,,,,28079054
2018-03-01 16:00:00,0.6000000238418579,1.309999942779541,,0.4000000059604645,0.029999999329447746,6.0,36.0,45.0,,8.0,,,1.340000033378601,1.600000023841858,28079055
2018-03-01 16:00:00,,,0.20000000298023224,,,18.0,40.0,67.0,73.0,9.0,7.0,,,,28079056
2018-03-01 16:00:00,,,0.30000001192092896,,,6.0,37.0,46.0,,5.0,,12.0,,,28079057
2018-03-01 16:00:00,,,,,,2.0,14.0,17.0,91.0,,,,,,28079058
2018-03-01 16:00:00,,,,,,4.0,21.0,27.0,81.0,,,,,,28079059
2018-03-01 16:00:00,,,,,,4.0,35.0,40.0,78.0,1.0,,,,,28079060
2018-03-01 17:00:00,,,0.4000000059604645,,,2.0,39.0,43.0,,,,2.0,,,28079004
2018-03-01 17:00:00,0.6000000238418579,1.350000023841858,0.30000001192092896,0.4000000059604645,0.03999999910593033,25.0,63.0,102.0,59.0,1.0,1.0,3.0,1.3899999856948853,1.2999999523162842,28079008
2018-03-01 17:00:00,0.4000000059604645,,,0.10000000149011612,,12.0,53.0,71.0,,,,,,0.8999999761581421,28079011
2018-03-01 17:00:00,,,0.4000000059604645,,,9.0,52.0,66.0,61.0,,,,,,28079016
2018-03-01 17:00:00,,,,,,4.0,29.0,35.0,49.0,,,5.0,,,28079017
2018-03-01 17:00:00,0.20000000298023224,,0.30000001192092896,0.10000000149011612,,4.0,24.0,30.0,83.0,8.0,,7.0,,1.2000000476837158,28079018
2018-03-01 17:00:00,0.30000001192092896,1.0800000429153442,0.10000000149011612,0.20000000298023224,0.03999999910593033,1.0,12.0,14.0,93.0,3.0,2.0,4.0,1.1200000047683716,0.699999988079071,28079024
2018-03-01 17:00:00,,,,,,4.0,36.0,43.0,76.0,,,,,,28079027
2018-03-01 17:00:00,,,0.5,,,3.0,36.0,40.0,47.0,,,5.0,,,28079035
2018-03-01 17:00:00,,,0.20000000298023224,,,8.0,37.0,50.0,,4.0,,6.0,,,28079036
2018-03-01 17:00:00,0.4000000059604645,,,0.30000001192092896,,9.0,48.0,61.0,,7.0,6.0,3.0,,1.100000023841858,28079038
2018-03-01 17:00:00,,,0.30000001192092896,,,10.0,44.0,58.0,74.0,,,,,,28079039
2018-03-01 17:00:00,,,,,,5.0,31.0,38.0,,7.0,,4.0,,,28079040
2018-03-01 17:00:00,,,,,,2.0,28.0,30.0,,6.0,5.0,,,,28079047
2018-03-01 17:00:00,,,,,,10.0,57.0,72.0,,9.0,7.0,,,,28079048
2018-03-01 17:00:00,,,,,,2.0,30.0,33.0,51.0,,,,,,28079049
2018-03-01 17:00:00,,,,,,52.0,77.0,157.0,,7.0,6.0,,,,28079050
2018-03-01 17:00:00,,,,,,1.0,30.0,32.0,74.0,,,,,,28079054
2018-03-01 17:00:00,0.5,1.2100000381469727,,0.30000001192092896,0.05000000074505806,5.0,37.0,44.0,,4.0,,,1.25,1.2999999523162842,28079055
2018-03-01 17:00:00,,,0.30000001192092896,,,37.0,58.0,115.0,63.0,7.0,5.0,,,,28079056
2018-03-01 17:00:00,,,0.30000001192092896,,,4.0,40.0,46.0,,11.0,,10.0,,,28079057
2018-03-01 17:00:00,,,,,,1.0,8.0,10.0,98.0,,,,,,28079058
2018-03-01 17:00:00,,,,,,3.0,27.0,32.0,78.0,,,,,,28079059
2018-03-01 17:00:00,,,,,,4.0,30.0,36.0,84.0,15.0,,,,,28079060
2018-03-01 18:00:00,,,0.30000001192092896,,,2.0,33.0,36.0,,,,2.0,,,28079004
2018-03-01 18:00:00,0.6000000238418579,1.350000023841858,0.30000001192092896,0.30000001192092896,0.029999999329447746,18.0,53.0,81.0,64.0,4.0,4.0,3.0,1.3799999952316284,1.7000000476837158,28079008
2018-03-01 18:00:00,0.30000001192092896,,,0.10000000149011612,,7.0,38.0,49.0,,,,,,0.6000000238418579,28079011
2018-03-01 18:00:00,,,0.30000001192092896,,,7.0,42.0,53.0,67.0,,,,,,28079016
2018-03-01 18:00:00,,,,,,3.0,22.0,27.0,54.0,,,4.0,,,28079017
2018-03-01 18:00:00,0.30000001192092896,,0.20000000298023224,0.10000000149011612,,3.0,22.0,27.0,83.0,5.0,,7.0,,1.399999976158142,28079018
2018-03-01 18:00:00,0.30000001192092896,1.0800000429153442,0.10000000149011612,0.10000000149011612,0.03999999910593033,1.0,7.0,8.0,97.0,1.0,1.0,4.0,1.1200000047683716,0.30000001192092896,28079024
2018-03-01 18:00:00,,,,,,3.0,33.0,38.0,75.0,,,,,,28079027
2018-03-01 18:00:00,,,0.5,,,3.0,33.0,37.0,47.0,,,4.0,,,28079035
2018-03-01 18:00:00,,,0.20000000298023224,,,8.0,30.0,41.0,,4.0,,6.0,,,28079036
2018-03-01 18:00:00,0.5,,,0.4000000059604645,,6.0,34.0,43.0,,1.0,1.0,3.0,,1.899999976158142,28079038
2018-03-01 18:00:00,,,0.30000001192092896,,,9.0,38.0,52.0,76.0,,,,,,28079039
2018-03-01 18:00:00,,,,,,5.0,24.0,31.0,,4.0,,5.0,,,28079040
2018-03-01 18:00:00,,,,,,1.0,23.0,25.0,,3.0,2.0,,,,28079047
2018-03-01 18:00:00,,,,,,7.0,47.0,57.0,,8.0,6.0,,,,28079048
2018-03-01 18:00:00,,,,,,2.0,26.0,28.0,60.0,,,,,,28079049
2018-03-01 18:00:00,,,,,,35.0,56.0,109.0,,4.0,3.0,,,,28079050
2018-03-01 18:00:00,,,,,,1.0,24.0,26.0,76.0,,,,,,28079054
2018-03-01 18:00:00,0.4000000059604645,1.2000000476837158,,0.4000000059604645,0.05999999865889549,4.0,36.0,43.0,,6.0,,,1.2599999904632568,1.5,28079055
2018-03-01 18:00:00,,,0.30000001192092896,,,35.0,43.0,96.0,72.0,8.0,6.0,,,,28079056
2018-03-01 18:00:00,,,0.30000001192092896,,,5.0,33.0,40.0,,2.0,,11.0,,,28079057
2018-03-01 18:00:00,,,,,,1.0,5.0,6.0,99.0,,,,,,28079058
2018-03-01 18:00:00,,,,,,2.0,28.0,31.0,75.0,,,,,,28079059
2018-03-01 18:00:00,,,,,,3.0,26.0,31.0,86.0,1.0,,,,,28079060
2018-03-01 19:00:00,,,0.30000001192092896,,,4.0,38.0,45.0,,,,2.0,,,28079004
2018-03-01 19:00:00,0.5,1.350000023841858,0.30000001192092896,0.30000001192092896,0.03999999910593033,23.0,56.0,91.0,58.0,5.0,4.0,3.0,1.3799999952316284,1.2000000476837158,28079008
2018-03-01 19:00:00,0.20000000298023224,,,0.10000000149011612,,5.0,29.0,36.0,,,,,,0.5,28079011
2018-03-01 19:00:00,,,0.30000001192092896,,,6.0,35.0,44.0,67.0,,,,,,28079016
2018-03-01 19:00:00,,,,,,4.0,24.0,30.0,50.0,,,4.0,,,28079017
2018-03-01 19:00:00,0.20000000298023224,,0.20000000298023224,0.10000000149011612,,2.0,18.0,21.0,80.0,2.0,,6.0,,1.0,28079018
2018-03-01 19:00:00,0.20000000298023224,1.0800000429153442,0.10000000149011612,0.10000000149011612,0.05000000074505806,1.0,4.0,6.0,92.0,4.0,3.0,3.0,1.1200000047683716,0.10000000149011612,28079024
2018-03-01 19:00:00,,,,,,3.0,24.0,28.0,76.0,,,,,,28079027
2018-03-01 19:00:00,,,0.4000000059604645,,,2.0,29.0,32.0,53.0,,,4.0,,,28079035
2018-03-01 19:00:00,,,0.20000000298023224,,,5.0,30.0,38.0,,6.0,,6.0,,,28079036
2018-03-01 19:00:00,0.30000001192092896,,,0.20000000298023224,,6.0,29.0,38.0,,5.0,4.0,3.0,,0.699999988079071,28079038
2018-03-01 19:00:00,,,0.30000001192092896,,,8.0,30.0,43.0,76.0,,,,,,28079039
2018-03-01 19:00:00,,,,,,5.0,21.0,28.0,,5.0,,4.0,,,28079040
2018-03-01 19:00:00,,,,,,1.0,21.0,24.0,,3.0,2.0,,,,28079047
2018-03-01 19:00:00,,,,,,10.0,48.0,63.0,,6.0,5.0,,,,28079048
2018-03-01 19:00:00,,,,,,1.0,26.0,27.0,64.0,,,,,,28079049
2018-03-01 19:00:00,,,,,,36.0,43.0,98.0,,10.0,9.0,,,,28079050
2018-03-01 19:00:00,,,,,,1.0,19.0,21.0,75.0,,,,,,28079054
2018-03-01 19:00:00,0.4000000059604645,1.190000057220459,,0.30000001192092896,0.07000000029802322,4.0,29.0,34.0,,3.0,,,1.25,1.2999999523162842,28079055
2018-03-01 19:00:00,,,0.20000000298023224,,,7.0,29.0,40.0,76.0,3.0,2.0,,,,28079056
2018-03-01 19:00:00,,,0.30000001192092896,,,4.0,26.0,31.0,,7.0,,10.0,,,28079057
2018-03-01 19:00:00,,,,,,1.0,5.0,6.0,92.0,,,,,,28079058
2018-03-01 19:00:00,,,,,,2.0,22.0,25.0,75.0,,,,,,28079059
2018-03-01 19:00:00,,,,,,2.0,20.0,24.0,83.0,5.0,,,,,28079060
2018-03-01 20:00:00,,,0.30000001192092896,,,3.0,30.0,35.0,,,,2.0,,,28079004
2018-03-01 20:00:00,0.699999988079071,1.3600000143051147,0.4000000059604645,0.30000001192092896,0.03999999910593033,24.0,54.0,91.0,50.0,1.0,1.0,3.0,1.399999976158142,1.399999976158142,28079008
2018-03-01 20:00:00,0.30000001192092896,,,0.10000000149011612,,8.0,32.0,45.0,,,,,,0.4000000059604645,28079011
2018-03-01 20:00:00,,,0.30000001192092896,,,4.0,34.0,40.0,59.0,,,,,,28079016
2018-03-01 20:00:00,,,,,,5.0,23.0,31.0,47.0,,,4.0,,,28079017
2018-03-01 20:00:00,0.30000001192092896,,0.30000001192092896,0.10000000149011612,,3.0,19.0,23.0,70.0,4.0,,6.0,,0.6000000238418579,28079018
2018-03-01 20:00:00,0.30000001192092896,1.090000033378601,0.20000000298023224,0.10000000149011612,0.03999999910593033,1.0,4.0,5.0,83.0,2.0,2.0,3.0,1.1299999952316284,0.10000000149011612,28079024
2018-03-01 20:00:00,,,,,,2.0,23.0,26.0,70.0,,,,,,28079027
2018-03-01 20:00:00,,,0.4000000059604645,,,3.0,27.0,32.0,48.0,,,4.0,,,28079035
2018-03-01 20:00:00,,,0.20000000298023224,,,5.0,28.0,36.0,,1.0,,6.0,,,28079036
2018-03-01 20:00:00,0.30000001192092896,,,0.20000000298023224,,7.0,28.0,39.0,,4.0,3.0,3.0,,0.4000000059604645,28079038
2018-03-01 20:00:00,,,0.30000001192092896,,,7.0,31.0,42.0,69.0,,,,,,28079039
2018-03-01 20:00:00,,,,,,5.0,20.0,29.0,,3.0,,4.0,,,28079040
2018-03-01 20:00:00,,,,,,1.0,20.0,22.0,,6.0,5.0,,,,28079047
2018-03-01 20:00:00,,,,,,10.0,46.0,62.0,,3.0,3.0,,,,28079048
2018-03-01 20:00:00,,,,,,1.0,23.0,24.0,57.0,,,,,,28079049
2018-03-01 20:00:00,,,,,,40.0,45.0,106.0,,8.0,8.0,,,,28079050
2018-03-01 20:00:00,,,,,,1.0,19.0,21.0,68.0,,,,,,28079054
2018-03-01 20:00:00,0.4000000059604645,1.2000000476837158,,0.20000000298023224,0.05999999865889549,3.0,28.0,33.0,,5.0,,,1.2599999904632568,1.0,28079055
2018-03-01 20:00:00,,,0.20000000298023224,,,7.0,26.0,37.0,69.0,6.0,5.0,,,,28079056
2018-03-01 20:00:00,,,0.30000001192092896,,,3.0,23.0,27.0,,17.0,,9.0,,,28079057
2018-03-01 20:00:00,,,,,,1.0,3.0,5.0,87.0,,,,,,28079058
2018-03-01 20:00:00,,,,,,2.0,20.0,22.0,68.0,,,,,,28079059
2018-03-01 20:00:00,,,,,,3.0,21.0,25.0,75.0,19.0,,,,,28079060
2018-03-01 21:00:00,,,0.30000001192092896,,,1.0,16.0,17.0,,,,1.0,,,28079004
2018-03-01 21:00:00,0.699999988079071,1.3700000047683716,0.30000001192092896,0.20000000298023224,0.029999999329447746,19.0,50.0,79.0,55.0,2.0,2.0,3.0,1.399999976158142,1.0,28079008
2018-03-01 21:00:00,0.30000001192092896,,,0.10000000149011612,,6.0,29.0,37.0,,,,,,0.30000001192092896,28079011
2018-03-01 21:00:00,,,0.30000001192092896,,,3.0,26.0,30.0,68.0,,,,,,28079016
2018-03-01 21:00:00,,,,,,4.0,19.0,25.0,51.0,,,3.0,,,28079017
2018-03-01 21:00:00,0.30000001192092896,,0.30000001192092896,0.10000000149011612,,3.0,19.0,23.0,71.0,4.0,,5.0,,0.4000000059604645,28079018
2018-03-01 21:00:00,0.30000001192092896,1.0800000429153442,0.20000000298023224,0.10000000149011612,0.05000000074505806,1.0,3.0,5.0,88.0,1.0,1.0,3.0,1.1299999952316284,0.10000000149011612,28079024
2018-03-01 21:00:00,,,,,,2.0,18.0,20.0,77.0,,,,,,28079027
2018-03-01 21:00:00,,,0.5,,,2.0,26.0,29.0,48.0,,,4.0,,,28079035
2018-03-01 21:00:00,,,0.30000001192092896,,,7.0,31.0,42.0,,5.0,,6.0,,,28079036
2018-03-01 21:00:00,0.4000000059604645,,,0.20000000298023224,,8.0,25.0,37.0,,1.0,1.0,3.0,,0.4000000059604645,28079038
2018-03-01 21:00:00,,,0.30000001192092896,,,7.0,32.0,42.0,70.0,,,,,,28079039
2018-03-01 21:00:00,,,,,,6.0,24.0,34.0,,7.0,,3.0,,,28079040
2018-03-01 21:00:00,,,,,,2.0,20.0,22.0,,8.0,5.0,,,,28079047
2018-03-01 21:00:00,,,,,,7.0,42.0,53.0,,4.0,2.0,,,,28079048
2018-03-01 21:00:00,,,,,,1.0,18.0,19.0,66.0,,,,,,28079049
2018-03-01 21:00:00,,,,,,30.0,35.0,81.0,,6.0,5.0,,,,28079050
2018-03-01 21:00:00,,,,,,1.0,18.0,20.0,67.0,,,,,,28079054
2018-03-01 21:00:00,0.4000000059604645,1.2000000476837158,,0.10000000149011612,0.05999999865889549,2.0,22.0,26.0,,4.0,,,1.25,0.800000011920929,28079055
2018-03-01 21:00:00,,,0.30000001192092896,,,19.0,35.0,64.0,65.0,8.0,4.0,,,,28079056
2018-03-01 21:00:00,,,0.30000001192092896,,,3.0,23.0,27.0,,4.0,,9.0,,,28079057
2018-03-01 21:00:00,,,,,,1.0,5.0,7.0,85.0,,,,,,28079058
2018-03-01 21:00:00,,,,,,2.0,18.0,21.0,72.0,,,,,,28079059
2018-03-01 21:00:00,,,,,,2.0,23.0,26.0,75.0,10.0,,,,,28079060
2018-03-01 22:00:00,,,0.4000000059604645,,,1.0,25.0,27.0,,,,1.0,,,28079004
2018-03-01 22:00:00,0.800000011920929,1.3899999856948853,0.4000000059604645,0.20000000298023224,0.03999999910593033,24.0,58.0,95.0,43.0,3.0,3.0,3.0,1.4199999570846558,1.100000023841858,28079008
2018-03-01 22:00:00,0.4000000059604645,,,0.10000000149011612,,5.0,33.0,41.0,,,,,,0.30000001192092896,28079011
2018-03-01 22:00:00,,,0.4000000059604645,,,3.0,40.0,45.0,49.0,,,,,,28079016
2018-03-01 22:00:00,,,,,,2.0,18.0,21.0,50.0,,,3.0,,,28079017
2018-03-01 22:00:00,0.30000001192092896,,0.30000001192092896,0.10000000149011612,,4.0,22.0,28.0,64.0,1.0,,5.0,,0.5,28079018
2018-03-01 22:00:00,0.4000000059604645,1.090000033378601,0.20000000298023224,0.10000000149011612,0.05000000074505806,1.0,5.0,6.0,77.0,3.0,3.0,3.0,1.1399999856948853,0.10000000149011612,28079024
2018-03-01 22:00:00,,,,,,2.0,28.0,32.0,61.0,,,,,,28079027
2018-03-01 22:00:00,,,0.5,,,2.0,33.0,36.0,39.0,,,4.0,,,28079035
2018-03-01 22:00:00,,,0.30000001192092896,,,5.0,34.0,41.0,,2.0,,6.0,,,28079036
2018-03-01 22:00:00,0.5,,,0.20000000298023224,,7.0,29.0,39.0,,4.0,4.0,3.0,,0.6000000238418579,28079038
2018-03-01 22:00:00,,,0.30000001192092896,,,6.0,30.0,40.0,62.0,,,,,,28079039
2018-03-01 22:00:00,,,,,,4.0,21.0,28.0,,5.0,,3.0,,,28079040
2018-03-01 22:00:00,,,,,,2.0,24.0,27.0,,1.0,1.0,,,,28079047
2018-03-01 22:00:00,,,,,,8.0,49.0,61.0,,1.0,1.0,,,,28079048
2018-03-01 22:00:00,,,,,,1.0,25.0,26.0,55.0,,,,,,28079049
2018-03-01 22:00:00,,,,,,40.0,43.0,104.0,,4.0,4.0,,,,28079050
2018-03-01 22:00:00,,,,,,1.0,18.0,19.0,64.0,,,,,,28079054
2018-03-01 22:00:00,0.5,1.2200000286102295,,0.20000000298023224,0.05999999865889549,2.0,36.0,39.0,,6.0,,,1.2799999713897705,0.800000011920929,28079055
2018-03-01 22:00:00,,,0.30000001192092896,,,8.0,29.0,42.0,62.0,2.0,1.0,,,,28079056
2018-03-01 22:00:00,,,0.30000001192092896,,,2.0,22.0,25.0,,19.0,,8.0,,,28079057
2018-03-01 22:00:00,,,,,,1.0,4.0,6.0,78.0,,,,,,28079058
2018-03-01 22:00:00,,,,,,1.0,27.0,29.0,56.0,,,,,,28079059
2018-03-01 22:00:00,,,,,,2.0,18.0,20.0,71.0,23.0,,,,,28079060
2018-03-01 23:00:00,,,0.4000000059604645,,,1.0,15.0,16.0,,,,1.0,,,28079004
2018-03-01 23:00:00,0.800000011920929,1.3899999856948853,0.4000000059604645,0.20000000298023224,0.03999999910593033,17.0,44.0,71.0,50.0,4.0,3.0,3.0,1.4199999570846558,1.0,28079008
2018-03-01 23:00:00,0.4000000059604645,,,0.10000000149011612,,3.0,18.0,23.0,,,,,,0.30000001192092896,28079011
2018-03-01 23:00:00,,,0.30000001192092896,,,1.0,24.0,26.0,59.0,,,,,,28079016
2018-03-01 23:00:00,,,,,,2.0,15.0,17.0,52.0,,,3.0,,,28079017
2018-03-01 23:00:00,0.30000001192092896,,0.30000001192092896,0.10000000149011612,,2.0,14.0,16.0,68.0,2.0,,4.0,,0.30000001192092896,28079018
2018-03-01 23:00:00,0.4000000059604645,1.100000023841858,0.20000000298023224,0.10000000149011612,0.05000000074505806,1.0,2.0,4.0,77.0,2.0,1.0,3.0,1.149999976158142,0.20000000298023224,28079024
2018-03-01 23:00:00,,,,,,1.0,16.0,18.0,67.0,,,,,,28079027
2018-03-01 23:00:00,,,0.5,,,2.0,26.0,29.0,44.0,,,3.0,,,28079035
2018-03-01 23:00:00,,,0.30000001192092896,,,3.0,26.0,30.0,,7.0,,6.0,,,28079036
2018-03-01 23:00:00,0.5,,,0.20000000298023224,,4.0,17.0,24.0,,5.0,3.0,3.0,,0.5,28079038
2018-03-01 23:00:00,,,0.30000001192092896,,,5.0,24.0,32.0,62.0,,,,,,28079039
2018-03-01 23:00:00,,,,,,3.0,17.0,21.0,,6.0,,2.0,,,28079040
2018-03-01 23:00:00,,,,,,1.0,19.0,20.0,,6.0,4.0,,,,28079047
2018-03-01 23:00:00,,,,,,3.0,29.0,34.0,,1.0,1.0,,,,28079048
2018-03-01 23:00:00,,,,,,1.0,14.0,16.0,62.0,,,,,,28079049
2018-03-01 23:00:00,,,,,,26.0,25.0,65.0,,5.0,4.0,,,,28079050
2018-03-01 23:00:00,,,,,,1.0,16.0,18.0,64.0,,,,,,28079054
2018-03-01 23:00:00,0.5,1.2200000286102295,,0.20000000298023224,0.05999999865889549,1.0,22.0,23.0,,5.0,,,1.2799999713897705,0.8999999761581421,28079055
2018-03-01 23:00:00,,,0.20000000298023224,,,5.0,22.0,29.0,65.0,7.0,4.0,,,,28079056
2018-03-01 23:00:00,,,0.30000001192092896,,,2.0,16.0,19.0,,6.0,,7.0,,,28079057
2018-03-01 23:00:00,,,,,,1.0,2.0,4.0,76.0,,,,,,28079058
2018-03-01 23:00:00,,,,,,1.0,16.0,17.0,63.0,,,,,,28079059
2018-03-01 23:00:00,,,,,,1.0,15.0,17.0,69.0,3.0,,,,,28079060
2018-03-02 00:00:00,,,0.4000000059604645,,,1.0,10.0,11.0,,,,1.0,,,28079004
2018-03-02 00:00:00,0.800000011920929,1.399999976158142,0.30000001192092896,0.10000000149011612,0.029999999329447746,16.0,40.0,64.0,49.0,5.0,4.0,3.0,1.4299999475479126,0.800000011920929,28079008
2018-03-02 00:00:00,0.30000001192092896,,,0.10000000149011612,,2.0,13.0,17.0,,,,,,0.20000000298023224,28079011
2018-03-02 00:00:00,,,0.30000001192092896,,,1.0,14.0,15.0,66.0,,,,,,28079016
2018-03-02 00:00:00,,,,,,2.0,11.0,14.0,53.0,,,2.0,,,28079017
2018-03-02 00:00:00,0.30000001192092896,,0.30000001192092896,0.10000000149011612,,2.0,11.0,13.0,67.0,1.0,,4.0,,0.30000001192092896,28079018
2018-03-02 00:00:00,0.5,1.100000023841858,0.20000000298023224,0.10000000149011612,0.05999999865889549,1.0,2.0,4.0,75.0,3.0,1.0,3.0,1.149999976158142,0.20000000298023224,28079024
2018-03-02 00:00:00,,,,,,1.0,9.0,11.0,72.0,,,,,,28079027
2018-03-02 00:00:00,,,0.5,,,1.0,23.0,25.0,45.0,,,3.0,,,28079035
2018-03-02 00:00:00,,,0.30000001192092896,,,2.0,18.0,21.0,,6.0,,6.0,,,28079036
2018-03-02 00:00:00,0.5,,,0.20000000298023224,,2.0,9.0,12.0,,3.0,1.0,3.0,,0.4000000059604645,28079038
2018-03-02 00:00:00,,,0.30000001192092896,,,3.0,17.0,22.0,66.0,,,,,,28079039
2018-03-02 00:00:00,,,,,,2.0,16.0,19.0,,4.0,,2.0,,,28079040
2018-03-02 00:00:00,,,,,,1.0,11.0,13.0,,4.0,3.0,,,,28079047
2018-03-02 00:00:00,,,,,,2.0,18.0,21.0,,1.0,1.0,,,,28079048
2018-03-02 00:00:00,,,,,,1.0,10.0,12.0,63.0,,,,,,28079049
2018-03-02 00:00:00,,,,,,24.0,20.0,57.0,,3.0,2.0,,,,28079050
2018-03-02 00:00:00,,,,,,1.0,15.0,16.0,63.0,,,,,,28079054
2018-03-02 00:00:00,0.5,1.2200000286102295,,0.20000000298023224,0.05999999865889549,1.0,13.0,15.0,,4.0,,,1.2799999713897705,0.800000011920929,28079055
2018-03-02 00:00:00,,,0.20000000298023224,,,3.0,16.0,21.0,67.0,6.0,4.0,,,,28079056
2018-03-02 00:00:00,,,0.30000001192092896,,,1.0,11.0,13.0,,3.0,,7.0,,,28079057
2018-03-02 00:00:00,,,,,,1.0,1.0,3.0,76.0,,,,,,28079058
2018-03-02 00:00:00,,,,,,1.0,8.0,9.0,69.0,,,,,,28079059
2018-03-02 00:00:00,,,,,,1.0,11.0,12.0,70.0,3.0,,,,,28079060
2018-03-02 01:00:00,,,0.4000000059604645,,,1.0,10.0,11.0,,,,1.0,,,28079004
2018-03-02 01:00:00,0.800000011920929,1.399999976158142,0.30000001192092896,0.10000000149011612,0.029999999329447746,13.0,34.0,54.0,53.0,5.0,4.0,3.0,1.4299999475479126,0.8999999761581421,28079008
2018-03-02 01:00:00,0.4000000059604645,,,0.10000000149011612,,1.0,10.0,12.0,,,,,,0.20000000298023224,28079011
2018-03-02 01:00:00,,,0.30000001192092896,,,1.0,13.0,14.0,65.0,,,,,,28079016
2018-03-02 01:00:00,,,,,,1.0,7.0,9.0,56.0,,,2.0,,,28079017
2018-03-02 01:00:00,0.30000001192092896,,0.30000001192092896,0.10000000149011612,,1.0,8.0,9.0,68.0,5.0,,4.0,,0.30000001192092896,28079018
2018-03-02 01:00:00,0.5,1.100000023841858,0.20000000298023224,0.10000000149011612,0.05000000074505806,1.0,2.0,4.0,73.0,4.0,2.0,3.0,1.149999976158142,0.20000000298023224,28079024
2018-03-02 01:00:00,,,,,,1.0,10.0,12.0,69.0,,,,,,28079027
2018-03-02 01:00:00,,,0.5,,,2.0,19.0,22.0,45.0,,,5.0,,,28079035
2018-03-02 01:00:00,,,0.30000001192092896,,,2.0,14.0,16.0,,5.0,,5.0,,,28079036
2018-03-02 01:00:00,0.5,,,0.20000000298023224,,2.0,10.0,13.0,,3.0,1.0,3.0,,0.30000001192092896,28079038
2018-03-02 01:00:00,,,0.30000001192092896,,,2.0,11.0,14.0,69.0,,,,,,28079039
2018-03-02 01:00:00,,,,,,1.0,10.0,12.0,,5.0,,2.0,,,28079040
2018-03-02 01:00:00,,,,,,1.0,10.0,12.0,,6.0,5.0,,,,28079047
2018-03-02 01:00:00,,,,,,1.0,17.0,19.0,,4.0,3.0,,,,28079048
2018-03-02 01:00:00,,,,,,1.0,11.0,12.0,61.0,,,,,,28079049
2018-03-02 01:00:00,,,,,,19.0,15.0,44.0,,3.0,2.0,,,,28079050
2018-03-02 01:00:00,,,,,,1.0,14.0,15.0,63.0,,,,,,28079054
2018-03-02 01:00:00,0.5,1.2200000286102295,,0.10000000149011612,0.05999999865889549,1.0,11.0,12.0,,4.0,,,1.2799999713897705,0.699999988079071,28079055
2018-03-02 01:00:00,,,0.20000000298023224,,,3.0,12.0,16.0,69.0,8.0,5.0,,,,28079056
2018-03-02 01:00:00,,,0.30000001192092896,,,1.0,8.0,10.0,,3.0,,6.0,,,28079057
2018-03-02 01:00:00,,,,,,1.0,2.0,4.0,70.0,,,,,,28079058
2018-03-02 01:00:00,,,,,,1.0,9.0,10.0,66.0,,,,,,28079059
2018-03-02 01:00:00,,,,,,1.0,7.0,9.0,72.0,3.0,,,,,28079060
2018-03-02 02:00:00,,,0.4000000059604645,,,1.0,9.0,10.0,,,,1.0,,,28079004
2018-03-02 02:00:00,0.800000011920929,1.399999976158142,0.30000001192092896,0.10000000149011612,0.019999999552965164,9.0,35.0,48.0,51.0,2.0,1.0,3.0,1.4199999570846558,0.800000011920929,28079008
2018-03-02 02:00:00,0.4000000059604645,,,0.10000000149011612,,1.0,9.0,11.0,,,,,,0.20000000298023224,28079011
2018-03-02 02:00:00,,,0.30000001192092896,,,2.0,13.0,15.0,63.0,,,,,,28079016
2018-03-02 02:00:00,,,,,,1.0,5.0,7.0,57.0,,,2.0,,,28079017
2018-03-02 02:00:00,0.30000001192092896,,0.30000001192092896,0.10000000149011612,,1.0,7.0,9.0,68.0,7.0,,4.0,,0.30000001192092896,28079018
2018-03-02 02:00:00,0.6000000238418579,1.100000023841858,0.20000000298023224,0.10000000149011612,0.05000000074505806,1.0,2.0,3.0,71.0,6.0,3.0,3.0,1.149999976158142,0.20000000298023224,28079024
2018-03-02 02:00:00,,,,,,1.0,7.0,9.0,70.0,,,,,,28079027
2018-03-02 02:00:00,,,0.5,,,3.0,20.0,25.0,41.0,,,6.0,,,28079035
2018-03-02 02:00:00,,,0.30000001192092896,,,1.0,12.0,14.0,,6.0,,5.0,,,28079036
2018-03-02 02:00:00,0.5,,,0.20000000298023224,,1.0,8.0,10.0,,2.0,0.0,3.0,,0.30000001192092896,28079038
2018-03-02 02:00:00,,,0.30000001192092896,,,1.0,10.0,13.0,67.0,,,,,,28079039
2018-03-02 02:00:00,,,,,,2.0,9.0,12.0,,5.0,,2.0,,,28079040
2018-03-02 02:00:00,,,,,,1.0,8.0,9.0,,5.0,4.0,,,,28079047
2018-03-02 02:00:00,,,,,,1.0,16.0,18.0,,6.0,5.0,,,,28079048
2018-03-02 02:00:00,,,,,,1.0,9.0,10.0,62.0,,,,,,28079049
2018-03-02 02:00:00,,,,,,15.0,13.0,36.0,,1.0,1.0,,,,28079050
2018-03-02 02:00:00,,,,,,1.0,14.0,16.0,61.0,,,,,,28079054
2018-03-02 02:00:00,0.5,1.2200000286102295,,0.10000000149011612,0.05999999865889549,1.0,9.0,11.0,,4.0,,,1.2799999713897705,0.699999988079071,28079055
2018-03-02 02:00:00,,,0.20000000298023224,,,3.0,10.0,14.0,70.0,6.0,4.0,,,,28079056
2018-03-02 02:00:00,,,0.30000001192092896,,,1.0,6.0,7.0,,8.0,,6.0,,,28079057
2018-03-02 02:00:00,,,,,,1.0,1.0,3.0,69.0,,,,,,28079058
2018-03-02 02:00:00,,,,,,2.0,8.0,11.0,66.0,,,,,,28079059
2018-03-02 02:00:00,,,,,,1.0,6.0,8.0,70.0,7.0,,,,,28079060
2018-03-02 03:00:00,,,0.4000000059604645,,,1.0,8.0,9.0,,,,1.0,,,28079004
2018-03-02 03:00:00,0.699999988079071,1.399999976158142,0.30000001192092896,0.10000000149011612,0.019999999552965164,5.0,25.0,33.0,56.0,1.0,1.0,3.0,1.4199999570846558,0.6000000238418579,28079008
2018-03-02 03:00:00,0.4000000059604645,,,0.10000000149011612,,1.0,8.0,9.0,,,,,,0.20000000298023224,28079011
2018-03-02 03:00:00,,,0.30000001192092896,,,1.0,11.0,12.0,65.0,,,,,,28079016
2018-03-02 03:00:00,,,,,,1.0,4.0,5.0,58.0,,,2.0,,,28079017
2018-03-02 03:00:00,0.30000001192092896,,0.30000001192092896,0.10000000149011612,,1.0,6.0,7.0,68.0,5.0,,4.0,,0.30000001192092896,28079018
2018-03-02 03:00:00,0.6000000238418579,1.100000023841858,0.20000000298023224,0.10000000149011612,0.05000000074505806,1.0,2.0,4.0,69.0,5.0,2.0,3.0,1.149999976158142,0.20000000298023224,28079024
2018-03-02 03:00:00,,,,,,1.0,7.0,9.0,70.0,,,,,,28079027
2018-03-02 03:00:00,,,0.5,,,2.0,19.0,22.0,43.0,,,6.0,,,28079035
2018-03-02 03:00:00,,,0.30000001192092896,,,1.0,10.0,11.0,,4.0,,5.0,,,28079036
2018-03-02 03:00:00,0.5,,,0.20000000298023224,,1.0,7.0,9.0,,4.0,2.0,3.0,,0.30000001192092896,28079038
2018-03-02 03:00:00,,,0.30000001192092896,,,1.0,6.0,8.0,70.0,,,,,,28079039
2018-03-02 03:00:00,,,,,,1.0,6.0,8.0,,5.0,,2.0,,,28079040
2018-03-02 03:00:00,,,,,,1.0,8.0,10.0,,4.0,2.0,,,,28079047
2018-03-02 03:00:00,,,,,,1.0,14.0,15.0,,3.0,2.0,,,,28079048
2018-03-02 03:00:00,,,,,,1.0,8.0,10.0,61.0,,,,,,28079049
2018-03-02 03:00:00,,,,,,13.0,11.0,31.0,,2.0,1.0,,,,28079050
2018-03-02 03:00:00,,,,,,1.0,13.0,14.0,62.0,,,,,,28079054
2018-03-02 03:00:00,0.5,1.2300000190734863,,0.10000000149011612,0.05000000074505806,1.0,8.0,10.0,,5.0,,,1.2799999713897705,0.6000000238418579,28079055
2018-03-02 03:00:00,,,0.20000000298023224,,,2.0,9.0,12.0,69.0,7.0,4.0,,,,28079056
2018-03-02 03:00:00,,,0.30000001192092896,,,1.0,7.0,8.0,,3.0,,6.0,,,28079057
2018-03-02 03:00:00,,,,,,1.0,1.0,3.0,68.0,,,,,,28079058
2018-03-02 03:00:00,,,,,,1.0,7.0,10.0,65.0,,,,,,28079059
2018-03-02 03:00:00,,,,,,1.0,5.0,7.0,71.0,4.0,,,,,28079060
2018-03-02 04:00:00,,,0.30000001192092896,,,1.0,6.0,8.0,,,,1.0,,,28079004
2018-03-02 04:00:00,0.699999988079071,1.399999976158142,0.30000001192092896,0.10000000149011612,0.019999999552965164,4.0,21.0,27.0,59.0,14.0,14.0,3.0,1.4199999570846558,0.6000000238418579,28079008
2018-03-02 04:00:00,0.4000000059604645,,,0.10000000149011612,,1.0,8.0,10.0,,,,,,0.20000000298023224,28079011
2018-03-02 04:00:00,,,0.30000001192092896,,,1.0,11.0,12.0,65.0,,,,,,28079016
2018-03-02 04:00:00,,,,,,1.0,4.0,6.0,57.0,,,2.0,,,28079017
2018-03-02 04:00:00,0.30000001192092896,,0.30000001192092896,0.10000000149011612,,1.0,6.0,7.0,67.0,5.0,,4.0,,0.30000001192092896,28079018
2018-03-02 04:00:00,0.6000000238418579,1.1100000143051147,0.20000000298023224,0.10000000149011612,0.05000000074505806,1.0,2.0,3.0,68.0,6.0,3.0,3.0,1.159999966621399,0.20000000298023224,28079024
2018-03-02 04:00:00,,,,,,1.0,7.0,8.0,70.0,,,,,,28079027
2018-03-02 04:00:00,,,0.5,,,2.0,17.0,20.0,44.0,,,7.0,,,28079035
2018-03-02 04:00:00,,,0.30000001192092896,,,1.0,10.0,11.0,,5.0,,5.0,,,28079036
2018-03-02 04:00:00,0.5,,,0.20000000298023224,,1.0,7.0,9.0,,4.0,2.0,3.0,,0.30000001192092896,28079038
2018-03-02 04:00:00,,,0.30000001192092896,,,1.0,6.0,7.0,70.0,,,,,,28079039
2018-03-02 04:00:00,,,,,,1.0,6.0,7.0,,4.0,,2.0,,,28079040
2018-03-02 04:00:00,,,,,,1.0,7.0,9.0,,6.0,4.0,,,,28079047
2018-03-02 04:00:00,,,,,,1.0,12.0,14.0,,2.0,1.0,,,,28079048
2018-03-02 04:00:00,,,,,,1.0,8.0,10.0,61.0,,,,,,28079049
2018-03-02 04:00:00,,,,,,12.0,11.0,30.0,,1.0,1.0,,,,28079050
2018-03-02 04:00:00,,,,,,1.0,16.0,18.0,58.0,,,,,,28079054
2018-03-02 04:00:00,0.5,1.2300000190734863,,0.10000000149011612,0.05999999865889549,1.0,8.0,10.0,,4.0,,,1.2799999713897705,0.6000000238418579,28079055
2018-03-02 04:00:00,,,0.30000001192092896,,,3.0,11.0,16.0,65.0,5.0,1.0,,,,28079056
2018-03-02 04:00:00,,,0.30000001192092896,,,1.0,6.0,7.0,,1.0,,5.0,,,28079057
2018-03-02 04:00:00,,,,,,1.0,1.0,3.0,64.0,,,,,,28079058
2018-03-02 04:00:00,,,,,,2.0,7.0,10.0,66.0,,,,,,28079059
2018-03-02 04:00:00,,,,,,1.0,5.0,7.0,71.0,1.0,,,,,28079060
2018-03-02 05:00:00,,,0.4000000059604645,,,1.0,9.0,10.0,,,,1.0,,,28079004
2018-03-02 05:00:00,0.699999988079071,1.399999976158142,0.30000001192092896,0.10000000149011612,0.019999999552965164,4.0,24.0,29.0,56.0,17.0,17.0,3.0,1.4199999570846558,0.5,28079008
2018-03-02 05:00:00,0.4000000059604645,,,0.10000000149011612,,1.0,8.0,9.0,,,,,,0.20000000298023224,28079011
2018-03-02 05:00:00,,,0.30000001192092896,,,1.0,9.0,11.0,66.0,,,,,,28079016
2018-03-02 05:00:00,,,,,,1.0,8.0,11.0,53.0,,,2.0,,,28079017
2018-03-02 05:00:00,0.4000000059604645,,0.30000001192092896,0.10000000149011612,,1.0,10.0,12.0,61.0,3.0,,4.0,,0.30000001192092896,28079018
2018-03-02 05:00:00,0.6000000238418579,1.1100000143051147,0.20000000298023224,0.10000000149011612,0.05000000074505806,1.0,3.0,4.0,63.0,4.0,2.0,3.0,1.159999966621399,0.20000000298023224,28079024
2018-03-02 05:00:00,,,,,,1.0,8.0,9.0,71.0,,,,,,28079027
2018-03-02 05:00:00,,,0.5,,,2.0,17.0,19.0,43.0,,,7.0,,,28079035
2018-03-02 05:00:00,,,0.30000001192092896,,,2.0,10.0,13.0,,8.0,,5.0,,,28079036
2018-03-02 05:00:00,0.5,,,0.20000000298023224,,1.0,8.0,9.0,,5.0,3.0,3.0,,0.30000001192092896,28079038
2018-03-02 05:00:00,,,0.30000001192092896,,,1.0,7.0,9.0,68.0,,,,,,28079039
2018-03-02 05:00:00,,,,,,3.0,14.0,19.0,,5.0,,2.0,,,28079040
2018-03-02 05:00:00,,,,,,1.0,10.0,11.0,,9.0,8.0,,,,28079047
2018-03-02 05:00:00,,,,,,1.0,14.0,16.0,,4.0,2.0,,,,28079048
2018-03-02 05:00:00,,,,,,1.0,8.0,10.0,59.0,,,,,,28079049
2018-03-02 05:00:00,,,,,,11.0,12.0,28.0,,1.0,1.0,,,,28079050
2018-03-02 05:00:00,,,,,,1.0,17.0,19.0,56.0,,,,,,28079054
2018-03-02 05:00:00,0.5,1.2300000190734863,,0.10000000149011612,0.05999999865889549,1.0,8.0,9.0,,3.0,,,1.2799999713897705,0.6000000238418579,28079055
2018-03-02 05:00:00,,,0.20000000298023224,,,4.0,24.0,30.0,51.0,5.0,1.0,,,,28079056
2018-03-02 05:00:00,,,0.30000001192092896,,,1.0,6.0,8.0,,1.0,,5.0,,,28079057
2018-03-02 05:00:00,,,,,,1.0,2.0,3.0,38.0,,,,,,28079058
2018-03-02 05:00:00,,,,,,1.0,6.0,8.0,67.0,,,,,,28079059
2018-03-02 05:00:00,,,,,,1.0,6.0,7.0,72.0,1.0,,,,,28079060
2018-03-02 06:00:00,,,0.4000000059604645,,,1.0,10.0,12.0,,,,1.0,,,28079004
2018-03-02 06:00:00,0.699999988079071,1.399999976158142,0.30000001192092896,0.10000000149011612,0.019999999552965164,4.0,22.0,29.0,54.0,10.0,9.0,3.0,1.4299999475479126,0.6000000238418579,28079008
2018-03-02 06:00:00,0.4000000059604645,,,0.10000000149011612,,1.0,13.0,14.0,,,,,,0.20000000298023224,28079011
2018-03-02 06:00:00,,,0.30000001192092896,,,1.0,20.0,21.0,53.0,,,,,,28079016
2018-03-02 06:00:00,,,,,,1.0,14.0,15.0,48.0,,,2.0,,,28079017
2018-03-02 06:00:00,0.4000000059604645,,0.30000001192092896,0.10000000149011612,,1.0,13.0,15.0,58.0,2.0,,4.0,,0.5,28079018
2018-03-02 06:00:00,0.6000000238418579,1.1100000143051147,0.20000000298023224,0.10000000149011612,0.05000000074505806,1.0,5.0,6.0,61.0,2.0,1.0,3.0,1.159999966621399,0.30000001192092896,28079024
2018-03-02 06:00:00,,,,,,1.0,13.0,15.0,63.0,,,,,,28079027
2018-03-02 06:00:00,,,0.5,,,2.0,22.0,25.0,41.0,,,7.0,,,28079035
2018-03-02 06:00:00,,,0.30000001192092896,,,1.0,15.0,17.0,,9.0,,5.0,,,28079036
2018-03-02 06:00:00,0.5,,,0.20000000298023224,,1.0,13.0,15.0,,2.0,2.0,3.0,,0.30000001192092896,28079038
2018-03-02 06:00:00,,,0.30000001192092896,,,1.0,13.0,15.0,61.0,,,,,,28079039
2018-03-02 06:00:00,,,,,,1.0,21.0,22.0,,8.0,,2.0,,,28079040
2018-03-02 06:00:00,,,,,,1.0,12.0,14.0,,5.0,3.0,,,,28079047
2018-03-02 06:00:00,,,,,,1.0,19.0,20.0,,5.0,3.0,,,,28079048
2018-03-02 06:00:00,,,,,,1.0,12.0,13.0,55.0,,,,,,28079049
2018-03-02 06:00:00,,,,,,14.0,19.0,40.0,,5.0,3.0,,,,28079050
2018-03-02 06:00:00,,,,,,1.0,16.0,18.0,57.0,,,,,,28079054
2018-03-02 06:00:00,0.5,1.2300000190734863,,0.10000000149011612,0.05999999865889549,1.0,14.0,16.0,,6.0,,,1.2899999618530273,0.6000000238418579,28079055
2018-03-02 06:00:00,,,0.20000000298023224,,,3.0,22.0,27.0,54.0,5.0,2.0,,,,28079056
2018-03-02 06:00:00,,,0.30000001192092896,,,1.0,9.0,10.0,,7.0,,6.0,,,28079057
2018-03-02 06:00:00,,,,,,1.0,9.0,10.0,26.0,,,,,,28079058
2018-03-02 06:00:00,,,,,,1.0,13.0,14.0,59.0,,,,,,28079059
2018-03-02 06:00:00,,,,,,1.0,8.0,9.0,69.0,12.0,,,,,28079060
2018-03-02 07:00:00,,,0.4000000059604645,,,2.0,24.0,26.0,,,,1.0,,,28079004
2018-03-02 07:00:00,0.699999988079071,1.409999966621399,0.30000001192092896,0.10000000149011612,0.029999999329447746,16.0,44.0,68.0,38.0,12.0,11.0,3.0,1.440000057220459,0.6000000238418579,28079008
2018-03-02 07:00:00,0.4000000059604645,,,0.10000000149011612,,4.0,33.0,38.0,,,,,,0.30000001192092896,28079011
2018-03-02 07:00:00,,,0.4000000059604645,,,5.0,41.0,48.0,35.0,,,,,,28079016
2018-03-02 07:00:00,,,,,,8.0,44.0,56.0,20.0,,,2.0,,,28079017
2018-03-02 07:00:00,0.4000000059604645,,0.4000000059604645,0.10000000149011612,,5.0,31.0,38.0,41.0,3.0,,4.0,,0.6000000238418579,28079018
2018-03-02 07:00:00,0.6000000238418579,1.1100000143051147,0.20000000298023224,0.10000000149011612,0.05000000074505806,1.0,11.0,13.0,54.0,7.0,3.0,4.0,1.159999966621399,0.30000001192092896,28079024
2018-03-02 07:00:00,,,,,,2.0,29.0,32.0,48.0,,,,,,28079027
2018-03-02 07:00:00,,,0.5,,,3.0,32.0,36.0,32.0,,,7.0,,,28079035
2018-03-02 07:00:00,,,0.30000001192092896,,,10.0,35.0,51.0,,7.0,,5.0,,,28079036
2018-03-02 07:00:00,0.6000000238418579,,,0.20000000298023224,,2.0,25.0,28.0,,3.0,2.0,3.0,,0.5,28079038
2018-03-02 07:00:00,,,0.4000000059604645,,,2.0,28.0,32.0,45.0,,,,,,28079039
2018-03-02 07:00:00,,,,,,8.0,55.0,68.0,,7.0,,2.0,,,28079040
2018-03-02 07:00:00,,,,,,3.0,36.0,40.0,,3.0,1.0,,,,28079047
2018-03-02 07:00:00,,,,,,6.0,42.0,52.0,,3.0,2.0,,,,28079048
2018-03-02 07:00:00,,,,,,1.0,21.0,23.0,44.0,,,,,,28079049
2018-03-02 07:00:00,,,,,,29.0,39.0,83.0,,5.0,5.0,,,,28079050
2018-03-02 07:00:00,,,,,,1.0,32.0,34.0,42.0,,,,,,28079054
2018-03-02 07:00:00,0.6000000238418579,1.2400000095367432,,0.20000000298023224,0.07000000029802322,2.0,32.0,35.0,,9.0,,,1.2999999523162842,0.6000000238418579,28079055
2018-03-02 07:00:00,,,0.4000000059604645,,,36.0,64.0,120.0,22.0,4.0,1.0,,,,28079056
2018-03-02 07:00:00,,,0.30000001192092896,,,1.0,23.0,25.0,,7.0,,5.0,,,28079057
2018-03-02 07:00:00,,,,,,12.0,26.0,44.0,15.0,,,,,,28079058
2018-03-02 07:00:00,,,,,,2.0,30.0,33.0,41.0,,,,,,28079059
2018-03-02 07:00:00,,,,,,1.0,17.0,19.0,58.0,9.0,,,,,28079060
2018-03-02 08:00:00,,,0.5,,,11.0,56.0,73.0,,,,1.0,,,28079004
2018-03-02 08:00:00,0.8999999761581421,1.4199999570846558,0.4000000059604645,0.10000000149011612,0.05000000074505806,40.0,73.0,134.0,22.0,15.0,13.0,3.0,1.4600000381469727,0.699999988079071,28079008
2018-03-02 08:00:00,0.5,,,0.10000000149011612,,32.0,72.0,122.0,,,,,,0.4000000059604645,28079011
2018-03-02 08:00:00,,,0.5,,,35.0,82.0,136.0,8.0,,,,,,28079016
2018-03-02 08:00:00,,,,,,9.0,66.0,80.0,6.0,,,2.0,,,28079017
2018-03-02 08:00:00,0.8999999761581421,,0.6000000238418579,0.30000001192092896,,19.0,68.0,98.0,14.0,4.0,,6.0,,1.899999976158142,28079018
2018-03-02 08:00:00,0.699999988079071,1.1200000047683716,0.30000001192092896,0.10000000149011612,0.05999999865889549,1.0,40.0,42.0,26.0,5.0,1.0,3.0,1.1799999475479126,0.6000000238418579,28079024
2018-03-02 08:00:00,,,,,,22.0,79.0,113.0,8.0,,,,,,28079027
2018-03-02 08:00:00,,,0.6000000238418579,,,11.0,63.0,80.0,17.0,,,8.0,,,28079035
2018-03-02 08:00:00,,,0.4000000059604645,,,21.0,74.0,106.0,,10.0,,5.0,,,28079036
2018-03-02 08:00:00,0.800000011920929,,,0.30000001192092896,,14.0,58.0,79.0,,3.0,1.0,3.0,,1.2000000476837158,28079038
2018-03-02 08:00:00,,,0.5,,,18.0,66.0,95.0,19.0,,,,,,28079039
2018-03-02 08:00:00,,,,,,33.0,84.0,135.0,,10.0,,3.0,,,28079040
2018-03-02 08:00:00,,,,,,16.0,72.0,97.0,,2.0,1.0,,,,28079047
2018-03-02 08:00:00,,,,,,21.0,71.0,103.0,,6.0,3.0,,,,28079048
2018-03-02 08:00:00,,,,,,2.0,51.0,54.0,22.0,,,,,,28079049
2018-03-02 08:00:00,,,,,,68.0,78.0,182.0,,6.0,3.0,,,,28079050
2018-03-02 08:00:00,,,,,,17.0,78.0,104.0,11.0,,,,,,28079054
2018-03-02 08:00:00,0.699999988079071,1.2699999809265137,,0.30000001192092896,0.10000000149011612,37.0,87.0,144.0,,12.0,,,1.3600000143051147,1.2999999523162842,28079055
2018-03-02 08:00:00,,,0.5,,,113.0,112.0,285.0,3.0,10.0,4.0,,,,28079056
2018-03-02 08:00:00,,,0.4000000059604645,,,5.0,56.0,63.0,,10.0,,6.0,,,28079057
2018-03-02 08:00:00,,,,,,18.0,36.0,64.0,6.0,,,,,,28079058
2018-03-02 08:00:00,,,,,,8.0,65.0,76.0,14.0,,,,,,28079059
2018-03-02 08:00:00,,,,,,4.0,44.0,51.0,37.0,16.0,,,,,28079060
2018-03-02 09:00:00,,,0.5,,,45.0,77.0,146.0,,,,2.0,,,28079004
2018-03-02 09:00:00,1.2999999523162842,1.4600000381469727,0.5,0.4000000059604645,0.07999999821186066,71.0,99.0,208.0,9.0,10.0,7.0,4.0,1.5399999618530273,1.600000023841858,28079008
2018-03-02 09:00:00,1.100000023841858,,,0.20000000298023224,,103.0,117.0,274.0,,,,,,1.399999976158142,28079011
2018-03-02 09:00:00,,,0.5,,,43.0,90.0,156.0,6.0,,,,,,28079016
2018-03-02 09:00:00,,,,,,19.0,71.0,100.0,6.0,,,2.0,,,28079017
2018-03-02 09:00:00,0.800000011920929,,0.6000000238418579,0.30000001192092896,,44.0,89.0,156.0,3.0,11.0,,7.0,,1.7000000476837158,28079018
2018-03-02 09:00:00,0.8999999761581421,1.1399999856948853,0.4000000059604645,0.10000000149011612,0.07999999821186066,17.0,73.0,100.0,7.0,9.0,5.0,4.0,1.2200000286102295,1.5,28079024
2018-03-02 09:00:00,,,,,,32.0,83.0,132.0,8.0,,,,,,28079027
2018-03-02 09:00:00,,,0.6000000238418579,,,46.0,85.0,156.0,10.0,,,5.0,,,28079035
2018-03-02 09:00:00,,,0.5,,,40.0,89.0,150.0,,13.0,,7.0,,,28079036
2018-03-02 09:00:00,1.2999999523162842,,,0.5,,42.0,89.0,154.0,,10.0,7.0,4.0,,2.200000047683716,28079038
2018-03-02 09:00:00,,,0.5,,,32.0,87.0,136.0,9.0,,,,,,28079039
2018-03-02 09:00:00,,,,,,31.0,81.0,128.0,,15.0,,3.0,,,28079040
2018-03-02 09:00:00,,,,,,31.0,84.0,131.0,,13.0,10.0,,,,28079047
2018-03-02 09:00:00,,,,,,41.0,89.0,152.0,,8.0,6.0,,,,28079048
2018-03-02 09:00:00,,,,,,21.0,78.0,109.0,10.0,,,,,,28079049
2018-03-02 09:00:00,,,,,,39.0,86.0,145.0,,10.0,8.0,,,,28079050
2018-03-02 09:00:00,,,,,,44.0,85.0,153.0,11.0,,,,,,28079054
2018-03-02 09:00:00,1.2000000476837158,1.5399999618530273,,0.5,0.07999999821186066,52.0,91.0,170.0,,16.0,,,1.6200000047683716,2.700000047683716,28079055
2018-03-02 09:00:00,,,0.5,,,99.0,110.0,261.0,4.0,20.0,13.0,,,,28079056
2018-03-02 09:00:00,,,0.5,,,29.0,89.0,133.0,,11.0,,7.0,,,28079057
2018-03-02 09:00:00,,,,,,7.0,20.0,32.0,16.0,,,,,,28079058
2018-03-02 09:00:00,,,,,,30.0,81.0,127.0,5.0,,,,,,28079059
2018-03-02 09:00:00,,,,,,24.0,76.0,114.0,17.0,8.0,,,,,28079060
2018-03-02 10:00:00,,,0.6000000238418579,,,52.0,79.0,158.0,,,,3.0,,,28079004
2018-03-02 10:00:00,1.600000023841858,1.5800000429153442,0.5,0.4000000059604645,0.07000000029802322,50.0,85.0,162.0,18.0,4.0,2.0,4.0,1.649999976158142,3.0,28079008
2018-03-02 10:00:00,1.5,,,0.30000001192092896,,76.0,102.0,218.0,,,,,,2.5999999046325684,28079011
2018-03-02 10:00:00,,,0.5,,,43.0,88.0,153.0,9.0,,,,,,28079016
2018-03-02 10:00:00,,,,,,12.0,57.0,76.0,15.0,,,2.0,,,28079017
2018-03-02 10:00:00,0.800000011920929,,0.5,0.4000000059604645,,23.0,67.0,103.0,17.0,15.0,,6.0,,1.600000023841858,28079018
2018-03-02 10:00:00,1.0,1.2899999618530273,0.30000001192092896,0.4000000059604645,0.07000000029802322,15.0,65.0,88.0,14.0,9.0,4.0,4.0,1.3600000143051147,2.4000000953674316,28079024
2018-03-02 10:00:00,,,,,,25.0,76.0,115.0,10.0,,,,,,28079027
2018-03-02 10:00:00,,,0.6000000238418579,,,31.0,79.0,127.0,11.0,,,4.0,,,28079035
2018-03-02 10:00:00,,,0.5,,,35.0,79.0,133.0,,19.0,,9.0,,,28079036
2018-03-02 10:00:00,1.100000023841858,,,0.6000000238418579,,20.0,72.0,104.0,,7.0,3.0,3.0,,2.299999952316284,28079038
2018-03-02 10:00:00,,,0.5,,,41.0,89.0,152.0,12.0,,,,,,28079039
2018-03-02 10:00:00,,,,,,25.0,62.0,101.0,,14.0,,3.0,,,28079040
2018-03-02 10:00:00,,,,,,21.0,68.0,101.0,,14.0,10.0,,,,28079047
2018-03-02 10:00:00,,,,,,32.0,81.0,129.0,,14.0,10.0,,,,28079048
2018-03-02 10:00:00,,,,,,8.0,65.0,77.0,17.0,,,,,,28079049
2018-03-02 10:00:00,,,,,,31.0,75.0,122.0,,8.0,5.0,,,,28079050
2018-03-02 10:00:00,,,,,,19.0,64.0,93.0,26.0,,,,,,28079054
2018-03-02 10:00:00,1.100000023841858,1.25,,0.6000000238418579,0.07999999821186066,53.0,89.0,170.0,,13.0,,,1.3200000524520874,2.799999952316284,28079055
2018-03-02 10:00:00,,,0.4000000059604645,,,54.0,82.0,164.0,16.0,20.0,13.0,,,,28079056
2018-03-02 10:00:00,,,0.5,,,24.0,77.0,114.0,,12.0,,7.0,,,28079057
2018-03-02 10:00:00,,,,,,10.0,17.0,33.0,20.0,,,,,,28079058
2018-03-02 10:00:00,,,,,,30.0,73.0,120.0,9.0,,,,,,28079059
2018-03-02 10:00:00,,,,,,43.0,90.0,156.0,13.0,20.0,,,,,28079060
2018-03-02 11:00:00,,,0.5,,,26.0,66.0,106.0,,,,2.0,,,28079004
2018-03-02 11:00:00,1.100000023841858,1.4700000286102295,0.4000000059604645,0.30000001192092896,0.03999999910593033,35.0,60.0,114.0,38.0,12.0,11.0,3.0,1.5,2.0,28079008
2018-03-02 11:00:00,0.800000011920929,,,0.20000000298023224,,49.0,74.0,149.0,,,,,,1.5,28079011
2018-03-02 11:00:00,,,0.30000001192092896,,,11.0,47.0,65.0,37.0,,,,,,28079016
2018-03-02 11:00:00,,,,,,9.0,46.0,59.0,27.0,,,2.0,,,28079017
2018-03-02 11:00:00,0.5,,0.30000001192092896,0.5,,10.0,43.0,59.0,37.0,9.0,,6.0,,1.2000000476837158,28079018
2018-03-02 11:00:00,0.699999988079071,1.2200000286102295,0.20000000298023224,0.30000001192092896,0.05999999865889549,4.0,33.0,40.0,44.0,7.0,4.0,4.0,1.2799999713897705,1.600000023841858,28079024
2018-03-02 11:00:00,,,,,,6.0,36.0,46.0,45.0,,,,,,28079027
2018-03-02 11:00:00,,,0.5,,,16.0,57.0,81.0,20.0,,,4.0,,,28079035
2018-03-02 11:00:00,,,0.30000001192092896,,,28.0,51.0,93.0,,16.0,,7.0,,,28079036
2018-03-02 11:00:00,0.800000011920929,,,0.4000000059604645,,14.0,50.0,72.0,,6.0,3.0,3.0,,2.299999952316284,28079038
2018-03-02 11:00:00,,,0.30000001192092896,,,11.0,48.0,65.0,41.0,,,,,,28079039
2018-03-02 11:00:00,,,,,,10.0,37.0,52.0,,10.0,,2.0,,,28079040
2018-03-02 11:00:00,,,,,,5.0,32.0,40.0,,4.0,2.0,,,,28079047
2018-03-02 11:00:00,,,,,,21.0,59.0,91.0,,12.0,8.0,,,,28079048
2018-03-02 11:00:00,,,,,,3.0,30.0,34.0,45.0,,,,,,28079049
2018-03-02 11:00:00,,,,,,20.0,45.0,76.0,,5.0,4.0,,,,28079050
2018-03-02 11:00:00,,,,,,2.0,31.0,33.0,48.0,,,,,,28079054
2018-03-02 11:00:00,0.800000011920929,1.2200000286102295,,0.5,0.05999999865889549,11.0,44.0,61.0,,12.0,,,1.2799999713897705,2.0999999046325684,28079055
2018-03-02 11:00:00,,,0.30000001192092896,,,35.0,63.0,116.0,31.0,10.0,6.0,,,,28079056
2018-03-02 11:00:00,,,0.4000000059604645,,,6.0,36.0,46.0,,9.0,,7.0,,,28079057
2018-03-02 11:00:00,,,,,,10.0,32.0,47.0,29.0,,,,,,28079058
2018-03-02 11:00:00,,,,,,6.0,31.0,40.0,45.0,,,,,,28079059
2018-03-02 11:00:00,,,,,,8.0,52.0,64.0,42.0,11.0,,,,,28079060
2018-03-02 12:00:00,,,0.4000000059604645,,,18.0,63.0,91.0,,,,1.0,,,28079004
2018-03-02 12:00:00,0.800000011920929,1.4900000095367432,0.4000000059604645,0.20000000298023224,0.029999999329447746,27.0,59.0,100.0,38.0,16.0,15.0,3.0,1.5199999809265137,1.0,28079008
2018-03-02 12:00:00,0.699999988079071,,,0.10000000149011612,,55.0,82.0,167.0,,,,,,1.100000023841858,28079011
2018-03-02 12:00:00,,,0.4000000059604645,,,18.0,54.0,81.0,33.0,,,,,,28079016
2018-03-02 12:00:00,,,,,,9.0,51.0,65.0,24.0,,,2.0,,,28079017
2018-03-02 12:00:00,0.5,,0.4000000059604645,0.30000001192092896,,16.0,61.0,86.0,25.0,9.0,,6.0,,1.7999999523162842,28079018
2018-03-02 12:00:00,0.5,1.1200000047683716,0.20000000298023224,0.20000000298023224,0.07000000029802322,5.0,42.0,49.0,,4.0,2.0,4.0,1.1799999475479126,2.200000047683716,28079024
2018-03-02 12:00:00,,,,,,5.0,35.0,43.0,48.0,,,,,,28079027
2018-03-02 12:00:00,,,0.6000000238418579,,,17.0,64.0,91.0,16.0,,,4.0,,,28079035
2018-03-02 12:00:00,,,0.30000001192092896,,,13.0,45.0,65.0,,8.0,,6.0,,,28079036
2018-03-02 12:00:00,0.699999988079071,,,0.30000001192092896,,19.0,60.0,89.0,,4.0,3.0,3.0,,1.399999976158142,28079038
2018-03-02 12:00:00,,,0.4000000059604645,,,17.0,65.0,91.0,30.0,,,,,,28079039
2018-03-02 12:00:00,,,,,,10.0,37.0,52.0,,6.0,,2.0,,,28079040
2018-03-02 12:00:00,,,,,,5.0,37.0,44.0,,5.0,4.0,,,,28079047
2018-03-02 12:00:00,,,,,,22.0,60.0,94.0,,7.0,6.0,,,,28079048
2018-03-02 12:00:00,,,,,,3.0,36.0,39.0,39.0,,,,,,28079049
2018-03-02 12:00:00,,,,,,29.0,59.0,104.0,,3.0,1.0,,,,28079050
2018-03-02 12:00:00,,,,,,3.0,36.0,40.0,47.0,,,,,,28079054
2018-03-02 12:00:00,0.5,1.2200000286102295,,0.30000001192092896,0.05999999865889549,10.0,46.0,61.0,,4.0,,,1.2899999618530273,1.2000000476837158,28079055
2018-03-02 12:00:00,,,0.30000001192092896,,,55.0,85.0,168.0,18.0,7.0,4.0,,,,28079056
2018-03-02 12:00:00,,,0.30000001192092896,,,6.0,41.0,51.0,,10.0,,7.0,,,28079057
2018-03-02 12:00:00,,,,,,3.0,27.0,32.0,49.0,,,,,,28079058
2018-03-02 12:00:00,,,,,,5.0,31.0,39.0,48.0,,,,,,28079059
2018-03-02 12:00:00,,,,,,8.0,49.0,61.0,42.0,13.0,,,,,28079060
2018-03-02 13:00:00,,,0.5,,,28.0,68.0,112.0,,,,2.0,,,28079004
2018-03-02 13:00:00,0.699999988079071,1.399999976158142,0.30000001192092896,0.10000000149011612,0.029999999329447746,26.0,65.0,105.0,37.0,10.0,9.0,3.0,1.4299999475479126,1.0,28079008
2018-03-02 13:00:00,0.6000000238418579,,,0.10000000149011612,,50.0,82.0,158.0,,,,,,1.2000000476837158,28079011
2018-03-02 13:00:00,,,0.4000000059604645,,,16.0,59.0,83.0,31.0,,,,,,28079016
2018-03-02 13:00:00,,,,,,6.0,49.0,58.0,30.0,,,2.0,,,28079017
2018-03-02 13:00:00,0.5,,0.30000001192092896,0.20000000298023224,,,,,,,,3.0,,1.7999999523162842,28079018
2018-03-02 13:00:00,0.6000000238418579,1.100000023841858,0.20000000298023224,0.10000000149011612,0.05999999865889549,4.0,39.0,45.0,42.0,7.0,5.0,4.0,1.1699999570846558,2.5999999046325684,28079024
2018-03-02 13:00:00,,,,,,4.0,32.0,39.0,56.0,,,,,,28079027
2018-03-02 13:00:00,,,0.6000000238418579,,,31.0,76.0,123.0,16.0,,,4.0,,,28079035
2018-03-02 13:00:00,,,0.4000000059604645,,,26.0,64.0,104.0,,5.0,,7.0,,,28079036
2018-03-02 13:00:00,0.6000000238418579,,,0.4000000059604645,,20.0,61.0,93.0,,5.0,4.0,3.0,,1.7000000476837158,28079038
2018-03-02 13:00:00,,,0.4000000059604645,,,17.0,61.0,86.0,34.0,,,,,,28079039
2018-03-02 13:00:00,,,,,,12.0,45.0,63.0,,3.0,,2.0,,,28079040
2018-03-02 13:00:00,,,,,,8.0,41.0,53.0,,4.0,3.0,,,,28079047
2018-03-02 13:00:00,,,,,,24.0,66.0,102.0,,5.0,4.0,,,,28079048
2018-03-02 13:00:00,,,,,,3.0,33.0,38.0,46.0,,,,,,28079049
2018-03-02 13:00:00,,,,,,18.0,50.0,77.0,,7.0,5.0,,,,28079050
2018-03-02 13:00:00,,,,,,9.0,47.0,61.0,42.0,,,,,,28079054
2018-03-02 13:00:00,0.5,1.2599999904632568,,0.30000001192092896,0.07000000029802322,8.0,46.0,58.0,,7.0,,,1.3300000429153442,1.100000023841858,28079055
2018-03-02 13:00:00,,,0.4000000059604645,,,46.0,79.0,149.0,30.0,8.0,5.0,,,,28079056
2018-03-02 13:00:00,,,0.30000001192092896,,,6.0,38.0,47.0,,3.0,,8.0,,,28079057
2018-03-02 13:00:00,,,,,,6.0,31.0,40.0,46.0,,,,,,28079058
2018-03-02 13:00:00,,,,,,4.0,26.0,33.0,56.0,,,,,,28079059
2018-03-02 13:00:00,,,,,,10.0,54.0,68.0,42.0,13.0,,,,,28079060
2018-03-02 14:00:00,,,0.5,,,27.0,71.0,113.0,,,,2.0,,,28079004
2018-03-02 14:00:00,0.8999999761581421,1.4900000095367432,0.4000000059604645,0.30000001192092896,0.05999999865889549,40.0,81.0,142.0,26.0,12.0,11.0,3.0,1.5499999523162842,2.0999999046325684,28079008
2018-03-02 14:00:00,0.699999988079071,,,0.20000000298023224,,56.0,80.0,166.0,,,,,,1.399999976158142,28079011
2018-03-02 14:00:00,,,0.30000001192092896,,,13.0,49.0,70.0,38.0,,,,,,28079016
2018-03-02 14:00:00,,,,,,3.0,31.0,35.0,44.0,,,2.0,,,28079017
2018-03-02 14:00:00,0.4000000059604645,,0.20000000298023224,0.20000000298023224,,13.0,51.0,71.0,36.0,,,2.0,,1.399999976158142,28079018
2018-03-02 14:00:00,0.5,1.1399999856948853,0.20000000298023224,0.10000000149011612,0.05999999865889549,5.0,33.0,40.0,49.0,5.0,4.0,4.0,1.2000000476837158,1.7999999523162842,28079024
2018-03-02 14:00:00,,,,,,10.0,50.0,66.0,39.0,,,,,,28079027
2018-03-02 14:00:00,,,0.6000000238418579,,,22.0,70.0,104.0,17.0,,,5.0,,,28079035
2018-03-02 14:00:00,,,0.699999988079071,,,19.0,56.0,85.0,,10.0,,13.0,,,28079036
2018-03-02 14:00:00,0.6000000238418579,,,0.4000000059604645,,23.0,64.0,99.0,,3.0,1.0,3.0,,2.0999999046325684,28079038
2018-03-02 14:00:00,,,0.4000000059604645,,,18.0,63.0,90.0,33.0,,,,,,28079039
2018-03-02 14:00:00,,,,,,16.0,48.0,72.0,,4.0,,3.0,,,28079040
2018-03-02 14:00:00,,,,,,10.0,45.0,60.0,,1.0,1.0,,,,28079047
2018-03-02 14:00:00,,,,,,16.0,63.0,87.0,,11.0,10.0,,,,28079048
2018-03-02 14:00:00,,,,,,5.0,46.0,54.0,33.0,,,,,,28079049
2018-03-02 14:00:00,,,,,,17.0,46.0,72.0,,9.0,7.0,,,,28079050
2018-03-02 14:00:00,,,,,,9.0,45.0,58.0,45.0,,,,,,28079054
2018-03-02 14:00:00,0.5,1.2100000381469727,,0.30000001192092896,0.07000000029802322,12.0,53.0,71.0,,8.0,,,1.2799999713897705,1.2999999523162842,28079055
2018-03-02 14:00:00,,,0.4000000059604645,,,54.0,84.0,167.0,27.0,8.0,6.0,,,,28079056
2018-03-02 14:00:00,,,0.30000001192092896,,,9.0,44.0,58.0,,9.0,,9.0,,,28079057
2018-03-02 14:00:00,,,,,,5.0,27.0,35.0,49.0,,,,,,28079058
2018-03-02 14:00:00,,,,,,5.0,29.0,37.0,50.0,,,,,,28079059
2018-03-02 14:00:00,,,,,,10.0,51.0,65.0,45.0,8.0,,,,,28079060
2018-03-02 15:00:00,,,0.699999988079071,,,28.0,71.0,114.0,,,,2.0,,,28079004
2018-03-02 15:00:00,0.8999999761581421,1.399999976158142,0.5,0.30000001192092896,0.07999999821186066,41.0,88.0,151.0,22.0,5.0,5.0,4.0,1.4800000190734863,2.0999999046325684,28079008
2018-03-02 15:00:00,0.6000000238418579,,,0.10000000149011612,,31.0,77.0,124.0,,,,,,1.100000023841858,28079011
2018-03-02 15:00:00,,,0.4000000059604645,,,8.0,50.0,62.0,37.0,,,,,,28079016
2018-03-02 15:00:00,,,,,,5.0,45.0,52.0,34.0,,,2.0,,,28079017
2018-03-02 15:00:00,0.5,,0.20000000298023224,0.20000000298023224,,13.0,58.0,78.0,32.0,10.0,,3.0,,1.100000023841858,28079018
2018-03-02 15:00:00,0.5,1.1399999856948853,0.30000001192092896,0.10000000149011612,0.05999999865889549,6.0,43.0,51.0,43.0,2.0,1.0,4.0,1.2000000476837158,1.2999999523162842,28079024
2018-03-02 15:00:00,,,,,,7.0,42.0,53.0,47.0,,,,,,28079027
2018-03-02 15:00:00,,,0.699999988079071,,,44.0,87.0,155.0,11.0,,,6.0,,,28079035
2018-03-02 15:00:00,,,1.7000000476837158,,,16.0,56.0,80.0,,13.0,,33.0,,,28079036
2018-03-02 15:00:00,0.699999988079071,,,0.5,,25.0,72.0,110.0,,5.0,4.0,3.0,,2.5,28079038
2018-03-02 15:00:00,,,0.4000000059604645,,,19.0,70.0,99.0,29.0,,,,,,28079039
2018-03-02 15:00:00,,,,,,14.0,60.0,81.0,,12.0,,3.0,,,28079040
2018-03-02 15:00:00,,,,,,22.0,70.0,103.0,,6.0,5.0,,,,28079047
2018-03-02 15:00:00,,,,,,11.0,62.0,78.0,,5.0,4.0,,,,28079048
2018-03-02 15:00:00,,,,,,6.0,54.0,64.0,30.0,,,,,,28079049
2018-03-02 15:00:00,,,,,,20.0,58.0,88.0,,6.0,5.0,,,,28079050
2018-03-02 15:00:00,,,,,,18.0,63.0,90.0,36.0,,,,,,28079054
2018-03-02 15:00:00,0.5,1.2100000381469727,,0.6000000238418579,0.05999999865889549,17.0,62.0,88.0,,5.0,,,1.2699999809265137,1.7999999523162842,28079055
2018-03-02 15:00:00,,,0.5,,,57.0,94.0,181.0,21.0,16.0,13.0,,,,28079056
2018-03-02 15:00:00,,,0.4000000059604645,,,16.0,51.0,76.0,,4.0,,10.0,,,28079057
2018-03-02 15:00:00,,,,,,4.0,26.0,31.0,47.0,,,,,,28079058
2018-03-02 15:00:00,,,,,,5.0,34.0,42.0,48.0,,,,,,28079059
2018-03-02 15:00:00,,,,,,7.0,47.0,58.0,49.0,7.0,,,,,28079060
2018-03-02 16:00:00,,,0.699999988079071,,,39.0,79.0,138.0,,,,3.0,,,28079004
2018-03-02 16:00:00,1.2999999523162842,1.4199999570846558,0.6000000238418579,0.6000000238418579,0.10999999940395355,52.0,102.0,181.0,13.0,23.0,22.0,5.0,1.5199999809265137,4.099999904632568,28079008
2018-03-02 16:00:00,0.6000000238418579,,,0.10000000149011612,,19.0,78.0,108.0,,,,,,1.100000023841858,28079011
2018-03-02 16:00:00,,,0.4000000059604645,,,10.0,66.0,81.0,24.0,,,,,,28079016
2018-03-02 16:00:00,,,,,,13.0,70.0,90.0,16.0,,,3.0,,,28079017
2018-03-02 16:00:00,0.6000000238418579,,0.30000001192092896,0.20000000298023224,,24.0,79.0,116.0,16.0,11.0,,4.0,,1.399999976158142,28079018
2018-03-02 16:00:00,0.699999988079071,1.1100000143051147,0.30000001192092896,0.20000000298023224,0.07000000029802322,8.0,65.0,77.0,24.0,5.0,4.0,4.0,1.1799999475479126,2.700000047683716,28079024
2018-03-02 16:00:00,,,,,,15.0,51.0,74.0,44.0,,,,,,28079027
2018-03-02 16:00:00,,,0.800000011920929,,,45.0,90.0,159.0,9.0,,,6.0,,,28079035
2018-03-02 16:00:00,,,1.2999999523162842,,,22.0,73.0,107.0,,10.0,,30.0,,,28079036
2018-03-02 16:00:00,0.8999999761581421,,,0.5,,65.0,101.0,200.0,,8.0,8.0,4.0,,2.5999999046325684,28079038
2018-03-02 16:00:00,,,0.4000000059604645,,,13.0,75.0,95.0,24.0,,,,,,28079039
2018-03-02 16:00:00,,,,,,18.0,74.0,103.0,,14.0,,3.0,,,28079040
2018-03-02 16:00:00,,,,,,34.0,87.0,139.0,,11.0,9.0,,,,28079047
2018-03-02 16:00:00,,,,,,15.0,76.0,99.0,,5.0,3.0,,,,28079048
2018-03-02 16:00:00,,,,,,15.0,77.0,99.0,15.0,,,,,,28079049
2018-03-02 16:00:00,,,,,,37.0,78.0,134.0,,4.0,2.0,,,,28079050
2018-03-02 16:00:00,,,,,,30.0,82.0,128.0,21.0,,,,,,28079054
2018-03-02 16:00:00,0.6000000238418579,1.2200000286102295,,0.4000000059604645,0.05999999865889549,24.0,76.0,112.0,,8.0,,,1.2799999713897705,1.600000023841858,28079055
2018-03-02 16:00:00,,,0.6000000238418579,,,70.0,107.0,214.0,10.0,18.0,15.0,,,,28079056
2018-03-02 16:00:00,,,0.4000000059604645,,,19.0,57.0,86.0,,5.0,,10.0,,,28079057
2018-03-02 16:00:00,,,,,,2.0,24.0,27.0,52.0,,,,,,28079058
2018-03-02 16:00:00,,,,,,3.0,33.0,39.0,49.0,,,,,,28079059
2018-03-02 16:00:00,,,,,,10.0,59.0,75.0,38.0,10.0,,,,,28079060
2018-03-02 17:00:00,,,0.6000000238418579,,,37.0,78.0,135.0,,,,3.0,,,28079004
2018-03-02 17:00:00,1.2999999523162842,1.440000057220459,0.6000000238418579,0.5,0.10000000149011612,51.0,100.0,178.0,12.0,13.0,10.0,6.0,1.5399999618530273,4.199999809265137,28079008
2018-03-02 17:00:00,0.6000000238418579,,,0.20000000298023224,,55.0,94.0,179.0,,,,,,1.399999976158142,28079011
2018-03-02 17:00:00,,,0.4000000059604645,,,11.0,61.0,78.0,27.0,,,,,,28079016
2018-03-02 17:00:00,,,,,,32.0,81.0,129.0,11.0,,,3.0,,,28079017
2018-03-02 17:00:00,0.699999988079071,,0.20000000298023224,0.6000000238418579,,18.0,68.0,95.0,22.0,12.0,,5.0,,3.0999999046325684,28079018
2018-03-02 17:00:00,0.699999988079071,1.1200000047683716,0.20000000298023224,0.20000000298023224,0.05000000074505806,3.0,35.0,39.0,44.0,3.0,3.0,4.0,1.1699999570846558,2.0999999046325684,28079024
2018-03-02 17:00:00,,,,,,12.0,50.0,69.0,44.0,,,,,,28079027
2018-03-02 17:00:00,,,0.699999988079071,,,40.0,86.0,148.0,8.0,,,4.0,,,28079035
2018-03-02 17:00:00,,,0.699999988079071,,,27.0,77.0,117.0,,9.0,,15.0,,,28079036
2018-03-02 17:00:00,1.0,,,0.6000000238418579,,50.0,88.0,165.0,,12.0,12.0,4.0,,3.4000000953674316,28079038
2018-03-02 17:00:00,,,0.30000001192092896,,,7.0,52.0,63.0,40.0,,,,,,28079039
2018-03-02 17:00:00,,,,,,26.0,86.0,126.0,,12.0,,4.0,,,28079040
2018-03-02 17:00:00,,,,,,34.0,90.0,142.0,,9.0,7.0,,,,28079047
2018-03-02 17:00:00,,,,,,25.0,81.0,119.0,,7.0,6.0,,,,28079048
2018-03-02 17:00:00,,,,,,15.0,76.0,100.0,14.0,,,,,,28079049
2018-03-02 17:00:00,,,,,,103.0,103.0,261.0,,3.0,2.0,,,,28079050
2018-03-02 17:00:00,,,,,,18.0,83.0,111.0,16.0,,,,,,28079054
2018-03-02 17:00:00,0.6000000238418579,1.2300000190734863,,0.4000000059604645,0.05999999865889549,10.0,57.0,73.0,,6.0,,,1.2799999713897705,1.899999976158142,28079055
2018-03-02 17:00:00,,,0.5,,,52.0,95.0,174.0,15.0,20.0,16.0,,,,28079056
2018-03-02 17:00:00,,,0.4000000059604645,,,24.0,66.0,103.0,,3.0,,11.0,,,28079057
2018-03-02 17:00:00,,,,,,3.0,19.0,24.0,58.0,,,,,,28079058
2018-03-02 17:00:00,,,,,,3.0,32.0,36.0,45.0,,,,,,28079059
2018-03-02 17:00:00,,,,,,8.0,50.0,63.0,44.0,1.0,,,,,28079060
2018-03-02 18:00:00,,,0.5,,,27.0,72.0,112.0,,,,2.0,,,28079004
2018-03-02 18:00:00,1.100000023841858,1.4900000095367432,0.5,0.4000000059604645,0.09000000357627869,61.0,101.0,195.0,13.0,5.0,3.0,6.0,1.5800000429153442,3.299999952316284,28079008
2018-03-02 18:00:00,0.6000000238418579,,,0.20000000298023224,,31.0,78.0,126.0,,,,,,1.2000000476837158,28079011
2018-03-02 18:00:00,,,0.30000001192092896,,,11.0,53.0,70.0,34.0,,,,,,28079016
2018-03-02 18:00:00,,,,,,17.0,64.0,91.0,19.0,,,3.0,,,28079017
2018-03-02 18:00:00,0.5,,0.10000000149011612,0.20000000298023224,,10.0,49.0,65.0,33.0,11.0,,5.0,,2.0,28079018
2018-03-02 18:00:00,0.4000000059604645,1.1299999952316284,0.20000000298023224,0.10000000149011612,0.05000000074505806,3.0,26.0,31.0,49.0,4.0,4.0,4.0,1.1699999570846558,0.699999988079071,28079024
2018-03-02 18:00:00,,,,,,14.0,49.0,71.0,39.0,,,,,,28079027
2018-03-02 18:00:00,,,0.699999988079071,,,43.0,84.0,150.0,10.0,,,3.0,,,28079035
2018-03-02 18:00:00,,,0.6000000238418579,,,21.0,61.0,94.0,,5.0,,17.0,,,28079036
2018-03-02 18:00:00,0.800000011920929,,,0.6000000238418579,,55.0,89.0,174.0,,5.0,4.0,4.0,,3.0,28079038
2018-03-02 18:00:00,,,0.4000000059604645,,,13.0,62.0,83.0,31.0,,,,,,28079039
2018-03-02 18:00:00,,,,,,19.0,70.0,99.0,,9.0,,4.0,,,28079040
2018-03-02 18:00:00,,,,,,42.0,88.0,152.0,,3.0,2.0,,,,28079047
2018-03-02 18:00:00,,,,,,20.0,69.0,100.0,,11.0,10.0,,,,28079048
